en,file-name,label,png_path
European Free-tailed Bat,"XC1062164-Vavouledo-26Oct10-10-P.-han,-T.-ten_1_00024_999.wav",3,"spectograms/XC1062164-Vavouledo-26Oct10-10-P.-han,-T.-ten_1_00024_999.png"
European Free-tailed Bat,"XC1062157-Vavouledo-26Oct10-07-H.s_P.k,-P.-han,-P.pyg_M.sch,-T.-ten_1_00010_000.wav",3,"spectograms/XC1062157-Vavouledo-26Oct10-07-H.s_P.k,-P.-han,-P.pyg_M.sch,-T.-ten_1_00010_000.png"
European Free-tailed Bat,XC1062125-Sasalo-stream-01Oct10-29_0_00005_000.wav,3,spectograms/XC1062125-Sasalo-stream-01Oct10-29_0_00005_000.png
European Free-tailed Bat,XC1061936-Orfeas-D500-14to15Oct2020-M01935.wav,3,spectograms/XC1061936-Orfeas-D500-14to15Oct2020-M01935.png
European Free-tailed Bat,XC1061935-Orfeas-D500-14to15Oct2020-M01501.wav,3,spectograms/XC1061935-Orfeas-D500-14to15Oct2020-M01501.png
European Free-tailed Bat,XC1061934-Orfeas-D500-14to15Oct2020-M01500.wav,3,spectograms/XC1061934-Orfeas-D500-14to15Oct2020-M01500.png
European Free-tailed Bat,XC1061919-Orfeas-D500-13to14Nov2020-M00361.wav,3,spectograms/XC1061919-Orfeas-D500-13to14Nov2020-M00361.png
European Free-tailed Bat,XC1061918-Orfeas-D500-13to14Nov2020-M00356.wav,3,spectograms/XC1061918-Orfeas-D500-13to14Nov2020-M00356.png
European Free-tailed Bat,XC1061917-Orfeas-D500-13to14Nov2020-M00355.wav,3,spectograms/XC1061917-Orfeas-D500-13to14Nov2020-M00355.png
European Free-tailed Bat,XC1061916-Orfeas-D500-13to14Nov2020-M00354.wav,3,spectograms/XC1061916-Orfeas-D500-13to14Nov2020-M00354.png
European Free-tailed Bat,XC1061915-Orfeas-D500-13to14Nov2020-M00351.wav,3,spectograms/XC1061915-Orfeas-D500-13to14Nov2020-M00351.png
European Free-tailed Bat,XC1061914-Orfeas-D500-13to14Nov2020-M00349.wav,3,spectograms/XC1061914-Orfeas-D500-13to14Nov2020-M00349.png
European Free-tailed Bat,XC1061913-Orfeas-D500-13to14Nov2020-M00340.wav,3,spectograms/XC1061913-Orfeas-D500-13to14Nov2020-M00340.png
European Free-tailed Bat,XC1061912-Orfeas-D500-13to14Nov2020-M00338.wav,3,spectograms/XC1061912-Orfeas-D500-13to14Nov2020-M00338.png
European Free-tailed Bat,XC1061911-Orfeas-D500-13to14Nov2020-M00336.wav,3,spectograms/XC1061911-Orfeas-D500-13to14Nov2020-M00336.png
European Free-tailed Bat,XC1061910-Orfeas-D500-13to14Nov2020-M00335.wav,3,spectograms/XC1061910-Orfeas-D500-13to14Nov2020-M00335.png
European Free-tailed Bat,XC1061499-Metsovo-2021-d500_31_1-M01550.wav,3,spectograms/XC1061499-Metsovo-2021-d500_31_1-M01550.png
European Free-tailed Bat,XC1061498-Metsovo-2021-d500_31_1-M01549.wav,3,spectograms/XC1061498-Metsovo-2021-d500_31_1-M01549.png
European Free-tailed Bat,XC1061449-Metsovo-2021-d500_2_3_4-M01377.wav,3,spectograms/XC1061449-Metsovo-2021-d500_2_3_4-M01377.png
European Free-tailed Bat,XC1061448-Metsovo-2021-d500_2_3_4-M01353.wav,3,spectograms/XC1061448-Metsovo-2021-d500_2_3_4-M01353.png
European Free-tailed Bat,XC1061447-Metsovo-2021-d500_2_3_4-M01268.wav,3,spectograms/XC1061447-Metsovo-2021-d500_2_3_4-M01268.png
European Free-tailed Bat,XC1061446-Metsovo-2021-d500_2_3_4-M01254.wav,3,spectograms/XC1061446-Metsovo-2021-d500_2_3_4-M01254.png
European Free-tailed Bat,XC1061445-Metsovo-2021-d500_2_3_4-M01252.wav,3,spectograms/XC1061445-Metsovo-2021-d500_2_3_4-M01252.png
European Free-tailed Bat,XC1061444-Metsovo-2021-d500_2_3_4-M01188.wav,3,spectograms/XC1061444-Metsovo-2021-d500_2_3_4-M01188.png
European Free-tailed Bat,XC1061443-Metsovo-2021-d500_2_3_4-M01178.wav,3,spectograms/XC1061443-Metsovo-2021-d500_2_3_4-M01178.png
European Free-tailed Bat,XC1061422-Metsovo-2021-d500_2_3_4-M00442.wav,3,spectograms/XC1061422-Metsovo-2021-d500_2_3_4-M00442.png
European Free-tailed Bat,XC1061408-Metsovo-2021-d500_2_3_4-M00132.wav,3,spectograms/XC1061408-Metsovo-2021-d500_2_3_4-M00132.png
European Free-tailed Bat,XC1061275-Latzimas-area-03Oct13-(2)_0_00005_000.wav,3,spectograms/XC1061275-Latzimas-area-03Oct13-(2)_0_00005_000.png
European Free-tailed Bat,XC1061274-Latzimas-area-03Oct13-(1)_0_00029_999.wav,3,spectograms/XC1061274-Latzimas-area-03Oct13-(1)_0_00029_999.png
European Free-tailed Bat,XC1061273-Latzimas-area-03Oct13-(1)_0_00019_999.wav,3,spectograms/XC1061273-Latzimas-area-03Oct13-(1)_0_00019_999.png
European Free-tailed Bat,XC1061268-Fantaxospiliara-emergence-22Aug13-(6)_0_00034_999.wav,3,spectograms/XC1061268-Fantaxospiliara-emergence-22Aug13-(6)_0_00034_999.png
European Free-tailed Bat,XC1061267-Fantaxospiliara-emergence-22Aug13-(5)_0_00029_999.wav,3,spectograms/XC1061267-Fantaxospiliara-emergence-22Aug13-(5)_0_00029_999.png
European Free-tailed Bat,XC1061266-Fantaxospiliara-emergence-22Aug13-(5)_0_00019_999.wav,3,spectograms/XC1061266-Fantaxospiliara-emergence-22Aug13-(5)_0_00019_999.png
European Free-tailed Bat,XC1060720-Tadten-Paparitsa-June2022--M01691.wav,3,spectograms/XC1060720-Tadten-Paparitsa-June2022--M01691.png
European Free-tailed Bat,XC1060719-Tadten-Paparitsa-June2022--M01690.wav,3,spectograms/XC1060719-Tadten-Paparitsa-June2022--M01690.png
European Free-tailed Bat,XC1060718-Tadten-Paparitsa-June2022--M01074.wav,3,spectograms/XC1060718-Tadten-Paparitsa-June2022--M01074.png
European Free-tailed Bat,XC1060717-Tadten-Paparitsa-June2022--M01073.wav,3,spectograms/XC1060717-Tadten-Paparitsa-June2022--M01073.png
European Free-tailed Bat,XC1060716-Tadten-Paparitsa-June2022--M01072.wav,3,spectograms/XC1060716-Tadten-Paparitsa-June2022--M01072.png
European Free-tailed Bat,XC1060715-Tadten-Paparitsa-June2022--M01071.wav,3,spectograms/XC1060715-Tadten-Paparitsa-June2022--M01071.png
European Free-tailed Bat,XC1060714-Tadten-Paparitsa-June2022--M01069.wav,3,spectograms/XC1060714-Tadten-Paparitsa-June2022--M01069.png
European Free-tailed Bat,XC1060713-Tadten-Paparitsa-June2022--M01068.wav,3,spectograms/XC1060713-Tadten-Paparitsa-June2022--M01068.png
European Free-tailed Bat,XC1060712-Tadten-Paparitsa-June2022--M01035.wav,3,spectograms/XC1060712-Tadten-Paparitsa-June2022--M01035.png
European Free-tailed Bat,XC1060711-Tadten-Paparitsa-June2022--M01033.wav,3,spectograms/XC1060711-Tadten-Paparitsa-June2022--M01033.png
European Free-tailed Bat,XC1060710-Tadten-Paparitsa-June2022--M00987.wav,3,spectograms/XC1060710-Tadten-Paparitsa-June2022--M00987.png
European Free-tailed Bat,XC1060709-Tadten-Paparitsa-June2022--M00986.wav,3,spectograms/XC1060709-Tadten-Paparitsa-June2022--M00986.png
European Free-tailed Bat,XC1060569-Tadten-Karydi-Cypress-20210805_234135.wav,3,spectograms/XC1060569-Tadten-Karydi-Cypress-20210805_234135.png
European Free-tailed Bat,XC1060568-Tadten-Karydi-Cypress-20210802_234605.wav,3,spectograms/XC1060568-Tadten-Karydi-Cypress-20210802_234605.png
European Free-tailed Bat,XC1060567-Tadten-Karydi-Cypress-20210731_230920.wav,3,spectograms/XC1060567-Tadten-Karydi-Cypress-20210731_230920.png
European Free-tailed Bat,XC1060566-Tadten-Karydi-Cypress-20210731_230915.wav,3,spectograms/XC1060566-Tadten-Karydi-Cypress-20210731_230915.png
European Free-tailed Bat,XC1060565-Tadten-Karydi-Cypress-20210727_231340.wav,3,spectograms/XC1060565-Tadten-Karydi-Cypress-20210727_231340.png
European Free-tailed Bat,XC1057440-Tten-SOUDA-02_20210823_053011.wav,3,spectograms/XC1057440-Tten-SOUDA-02_20210823_053011.png
European Free-tailed Bat,XC1057439-Tten-SOUDA-02_20210822_221547.wav,3,spectograms/XC1057439-Tten-SOUDA-02_20210822_221547.png
European Free-tailed Bat,XC1057438-Tten-SOUDA-02_20210819_033022.wav,3,spectograms/XC1057438-Tten-SOUDA-02_20210819_033022.png
European Free-tailed Bat,XC1057437-Tten-SOUDA-02_20210819_022014.wav,3,spectograms/XC1057437-Tten-SOUDA-02_20210819_022014.png
European Free-tailed Bat,XC1057436-Tten-SOUDA-02_20210819_011726.wav,3,spectograms/XC1057436-Tten-SOUDA-02_20210819_011726.png
European Free-tailed Bat,XC1057435-Tten-SOUDA-02_20210818_205407.wav,3,spectograms/XC1057435-Tten-SOUDA-02_20210818_205407.png
European Free-tailed Bat,XC1057434-Tten-SOUDA-02_20210818_040112.wav,3,spectograms/XC1057434-Tten-SOUDA-02_20210818_040112.png
European Free-tailed Bat,XC1057433-Tten-SOUDA-02_20210818_034701.wav,3,spectograms/XC1057433-Tten-SOUDA-02_20210818_034701.png
European Free-tailed Bat,XC1057432-Tten-SOUDA-02_20210818_032424.wav,3,spectograms/XC1057432-Tten-SOUDA-02_20210818_032424.png
European Free-tailed Bat,XC1057431-Tten-SOUDA-02_20210818_030900.wav,3,spectograms/XC1057431-Tten-SOUDA-02_20210818_030900.png
European Free-tailed Bat,XC1057430-Tten-SOUDA-02_20210818_010629.wav,3,spectograms/XC1057430-Tten-SOUDA-02_20210818_010629.png
European Free-tailed Bat,XC1057429-Tten-SOUDA-02_20210818_003353.wav,3,spectograms/XC1057429-Tten-SOUDA-02_20210818_003353.png
European Free-tailed Bat,XC1057428-Tten-SOUDA-02_20210817_221748.wav,3,spectograms/XC1057428-Tten-SOUDA-02_20210817_221748.png
European Free-tailed Bat,XC1057427-Tten-SOUDA-02_20210817_220522.wav,3,spectograms/XC1057427-Tten-SOUDA-02_20210817_220522.png
European Free-tailed Bat,XC1057426-Tten-SOUDA-02_20210817_215212.wav,3,spectograms/XC1057426-Tten-SOUDA-02_20210817_215212.png
European Free-tailed Bat,XC1057425-Tten-SOUDA-02_20210817_213015.wav,3,spectograms/XC1057425-Tten-SOUDA-02_20210817_213015.png
European Free-tailed Bat,XC1057424-Tten-SOUDA-02_20210817_042438.wav,3,spectograms/XC1057424-Tten-SOUDA-02_20210817_042438.png
European Free-tailed Bat,XC1057423-Tten-SOUDA-02_20210816_021201.wav,3,spectograms/XC1057423-Tten-SOUDA-02_20210816_021201.png
European Free-tailed Bat,XC1057422-Tten-SOUDA-02_20210816_002841.wav,3,spectograms/XC1057422-Tten-SOUDA-02_20210816_002841.png
European Free-tailed Bat,XC1057421-Tten-SOUDA-02_20210815_230246.wav,3,spectograms/XC1057421-Tten-SOUDA-02_20210815_230246.png
European Free-tailed Bat,XC1057420-Tten-SOUDA-02_20210815_225813.wav,3,spectograms/XC1057420-Tten-SOUDA-02_20210815_225813.png
European Free-tailed Bat,XC1057419-Tten-SOUDA-02_20210815_223142.wav,3,spectograms/XC1057419-Tten-SOUDA-02_20210815_223142.png
European Free-tailed Bat,XC1057418-Tten-SOUDA-02_20210815_222556.wav,3,spectograms/XC1057418-Tten-SOUDA-02_20210815_222556.png
European Free-tailed Bat,XC1057417-Tten-SOUDA-02_20210814_052722.wav,3,spectograms/XC1057417-Tten-SOUDA-02_20210814_052722.png
European Free-tailed Bat,XC1057416-Tten-SOUDA-02_20210814_042612.wav,3,spectograms/XC1057416-Tten-SOUDA-02_20210814_042612.png
European Free-tailed Bat,XC1057415-Tten-SOUDA-02_20210814_041145.wav,3,spectograms/XC1057415-Tten-SOUDA-02_20210814_041145.png
European Free-tailed Bat,XC1057414-Tten-SOUDA-02_20210814_033320.wav,3,spectograms/XC1057414-Tten-SOUDA-02_20210814_033320.png
European Free-tailed Bat,XC1057413-Tten-SOUDA-02_20210814_032635.wav,3,spectograms/XC1057413-Tten-SOUDA-02_20210814_032635.png
European Free-tailed Bat,XC1057412-Tten-SOUDA-02_20210814_032128.wav,3,spectograms/XC1057412-Tten-SOUDA-02_20210814_032128.png
European Free-tailed Bat,XC1057411-Tten-SOUDA-02_20210814_031107.wav,3,spectograms/XC1057411-Tten-SOUDA-02_20210814_031107.png
European Free-tailed Bat,XC1057410-Tten-SOUDA-02_20210814_023512.wav,3,spectograms/XC1057410-Tten-SOUDA-02_20210814_023512.png
European Free-tailed Bat,XC1057409-Tten-SOUDA-02_20210814_020009.wav,3,spectograms/XC1057409-Tten-SOUDA-02_20210814_020009.png
European Free-tailed Bat,XC1057408-Tten-SOUDA-02_20210814_015313.wav,3,spectograms/XC1057408-Tten-SOUDA-02_20210814_015313.png
European Free-tailed Bat,XC1057407-Tten-SOUDA-02_20210814_014159.wav,3,spectograms/XC1057407-Tten-SOUDA-02_20210814_014159.png
European Free-tailed Bat,XC1057406-Tten-SOUDA-02_20210814_013110.wav,3,spectograms/XC1057406-Tten-SOUDA-02_20210814_013110.png
European Free-tailed Bat,XC1057405-Tten-SOUDA-02_20210814_011558.wav,3,spectograms/XC1057405-Tten-SOUDA-02_20210814_011558.png
European Free-tailed Bat,XC1057404-Tten-SOUDA-02_20210814_010814.wav,3,spectograms/XC1057404-Tten-SOUDA-02_20210814_010814.png
European Free-tailed Bat,XC1057403-Tten-SOUDA-02_20210814_005958.wav,3,spectograms/XC1057403-Tten-SOUDA-02_20210814_005958.png
European Free-tailed Bat,XC1057402-Tten-SOUDA-02_20210814_004810.wav,3,spectograms/XC1057402-Tten-SOUDA-02_20210814_004810.png
European Free-tailed Bat,XC1057401-Tten-SOUDA-02_20210814_002519.wav,3,spectograms/XC1057401-Tten-SOUDA-02_20210814_002519.png
European Free-tailed Bat,XC1057400-Tten-SOUDA-02_20210814_001916.wav,3,spectograms/XC1057400-Tten-SOUDA-02_20210814_001916.png
European Free-tailed Bat,XC1057399-Tten-SOUDA-02_20210814_000717.wav,3,spectograms/XC1057399-Tten-SOUDA-02_20210814_000717.png
European Free-tailed Bat,XC1057398-Tten-SOUDA-02_20210813_233038.wav,3,spectograms/XC1057398-Tten-SOUDA-02_20210813_233038.png
European Free-tailed Bat,XC1057397-Tten-SOUDA-02_20210813_231052.wav,3,spectograms/XC1057397-Tten-SOUDA-02_20210813_231052.png
European Free-tailed Bat,XC1057396-Tten-SOUDA-02_20210813_230346.wav,3,spectograms/XC1057396-Tten-SOUDA-02_20210813_230346.png
European Free-tailed Bat,XC1057393-Tten-SOUDA-02_20210813_224824.wav,3,spectograms/XC1057393-Tten-SOUDA-02_20210813_224824.png
European Free-tailed Bat,XC1057392-Tten-SOUDA-02_20210813_224013.wav,3,spectograms/XC1057392-Tten-SOUDA-02_20210813_224013.png
European Free-tailed Bat,XC1057391-Tten-SOUDA-02_20210813_223022.wav,3,spectograms/XC1057391-Tten-SOUDA-02_20210813_223022.png
European Free-tailed Bat,XC1057390-Tten-SOUDA-02_20210813_222230.wav,3,spectograms/XC1057390-Tten-SOUDA-02_20210813_222230.png
European Free-tailed Bat,XC1057389-Tten-SOUDA-02_20210813_220420.wav,3,spectograms/XC1057389-Tten-SOUDA-02_20210813_220420.png
European Free-tailed Bat,XC1057388-Tten-SOUDA-02_20210813_214854.wav,3,spectograms/XC1057388-Tten-SOUDA-02_20210813_214854.png
European Free-tailed Bat,XC1057387-Tten-SOUDA-02_20210813_053227.wav,3,spectograms/XC1057387-Tten-SOUDA-02_20210813_053227.png
European Free-tailed Bat,XC1057386-Tten-SOUDA-02_20210813_044725.wav,3,spectograms/XC1057386-Tten-SOUDA-02_20210813_044725.png
European Free-tailed Bat,XC1057385-Tten-SOUDA-02_20210813_042632.wav,3,spectograms/XC1057385-Tten-SOUDA-02_20210813_042632.png
European Free-tailed Bat,XC1057384-Tten-SOUDA-02_20210813_041254.wav,3,spectograms/XC1057384-Tten-SOUDA-02_20210813_041254.png
European Free-tailed Bat,XC1057383-Tten-SOUDA-02_20210813_033455.wav,3,spectograms/XC1057383-Tten-SOUDA-02_20210813_033455.png
European Free-tailed Bat,XC1057382-Tten-SOUDA-02_20210813_021638.wav,3,spectograms/XC1057382-Tten-SOUDA-02_20210813_021638.png
European Free-tailed Bat,XC1057381-Tten-SOUDA-02_20210813_013342.wav,3,spectograms/XC1057381-Tten-SOUDA-02_20210813_013342.png
European Free-tailed Bat,XC1057380-Tten-SOUDA-02_20210812_235431.wav,3,spectograms/XC1057380-Tten-SOUDA-02_20210812_235431.png
European Free-tailed Bat,XC1057379-Tten-SOUDA-02_20210812_230200.wav,3,spectograms/XC1057379-Tten-SOUDA-02_20210812_230200.png
European Free-tailed Bat,XC1057378-Tten-SOUDA-02_20210812_225316.wav,3,spectograms/XC1057378-Tten-SOUDA-02_20210812_225316.png
European Free-tailed Bat,XC1057377-Tten-SOUDA-02_20210812_223931.wav,3,spectograms/XC1057377-Tten-SOUDA-02_20210812_223931.png
European Free-tailed Bat,XC1057376-Tten-SOUDA-02_20210812_214501.wav,3,spectograms/XC1057376-Tten-SOUDA-02_20210812_214501.png
European Free-tailed Bat,XC1057375-Tten-SOUDA-02_20210812_045254.wav,3,spectograms/XC1057375-Tten-SOUDA-02_20210812_045254.png
European Free-tailed Bat,XC1057374-Tten-SOUDA-02_20210812_043411.wav,3,spectograms/XC1057374-Tten-SOUDA-02_20210812_043411.png
European Free-tailed Bat,XC1057373-Tten-SOUDA-02_20210812_040219.wav,3,spectograms/XC1057373-Tten-SOUDA-02_20210812_040219.png
European Free-tailed Bat,XC1057372-Tten-SOUDA-02_20210812_035923.wav,3,spectograms/XC1057372-Tten-SOUDA-02_20210812_035923.png
European Free-tailed Bat,XC1057371-Tten-SOUDA-02_20210812_034625.wav,3,spectograms/XC1057371-Tten-SOUDA-02_20210812_034625.png
European Free-tailed Bat,XC1057370-Tten-SOUDA-02_20210812_034236.wav,3,spectograms/XC1057370-Tten-SOUDA-02_20210812_034236.png
European Free-tailed Bat,XC1057369-Tten-SOUDA-02_20210812_033311.wav,3,spectograms/XC1057369-Tten-SOUDA-02_20210812_033311.png
European Free-tailed Bat,XC1057368-Tten-SOUDA-02_20210812_025842.wav,3,spectograms/XC1057368-Tten-SOUDA-02_20210812_025842.png
European Free-tailed Bat,XC1057367-Tten-SOUDA-02_20210812_025213.wav,3,spectograms/XC1057367-Tten-SOUDA-02_20210812_025213.png
European Free-tailed Bat,XC1057366-Tten-SOUDA-02_20210812_024346.wav,3,spectograms/XC1057366-Tten-SOUDA-02_20210812_024346.png
European Free-tailed Bat,XC1057365-Tten-SOUDA-02_20210812_023841.wav,3,spectograms/XC1057365-Tten-SOUDA-02_20210812_023841.png
European Free-tailed Bat,XC1057364-Tten-SOUDA-02_20210812_023242.wav,3,spectograms/XC1057364-Tten-SOUDA-02_20210812_023242.png
European Free-tailed Bat,XC1057363-Tten-SOUDA-02_20210812_022740.wav,3,spectograms/XC1057363-Tten-SOUDA-02_20210812_022740.png
European Free-tailed Bat,XC1057362-Tten-SOUDA-02_20210812_022205.wav,3,spectograms/XC1057362-Tten-SOUDA-02_20210812_022205.png
European Free-tailed Bat,XC1057361-Tten-SOUDA-02_20210812_021530.wav,3,spectograms/XC1057361-Tten-SOUDA-02_20210812_021530.png
European Free-tailed Bat,XC1057360-Tten-SOUDA-02_20210812_015200.wav,3,spectograms/XC1057360-Tten-SOUDA-02_20210812_015200.png
European Free-tailed Bat,XC1057359-Tten-SOUDA-02_20210812_013013.wav,3,spectograms/XC1057359-Tten-SOUDA-02_20210812_013013.png
European Free-tailed Bat,XC1057358-Tten-SOUDA-02_20210812_010245.wav,3,spectograms/XC1057358-Tten-SOUDA-02_20210812_010245.png
European Free-tailed Bat,XC1057357-Tten-SOUDA-02_20210812_005008.wav,3,spectograms/XC1057357-Tten-SOUDA-02_20210812_005008.png
European Free-tailed Bat,XC1057356-Tten-SOUDA-02_20210812_002614.wav,3,spectograms/XC1057356-Tten-SOUDA-02_20210812_002614.png
European Free-tailed Bat,XC1057355-Tten-SOUDA-02_20210811_211032.wav,3,spectograms/XC1057355-Tten-SOUDA-02_20210811_211032.png
European Free-tailed Bat,XC1057354-Tten-SOUDA-02_20210811_210719.wav,3,spectograms/XC1057354-Tten-SOUDA-02_20210811_210719.png
European Free-tailed Bat,XC1057353-Tten-SOUDA-02_20210811_044359.wav,3,spectograms/XC1057353-Tten-SOUDA-02_20210811_044359.png
European Free-tailed Bat,XC1057352-Tten-SOUDA-02_20210811_043530.wav,3,spectograms/XC1057352-Tten-SOUDA-02_20210811_043530.png
European Free-tailed Bat,XC1057351-Tten-SOUDA-02_20210811_043000.wav,3,spectograms/XC1057351-Tten-SOUDA-02_20210811_043000.png
European Free-tailed Bat,XC1057350-Tten-SOUDA-02_20210811_042201.wav,3,spectograms/XC1057350-Tten-SOUDA-02_20210811_042201.png
European Free-tailed Bat,XC1057349-Tten-SOUDA-02_20210811_041550.wav,3,spectograms/XC1057349-Tten-SOUDA-02_20210811_041550.png
European Free-tailed Bat,XC1057348-Tten-SOUDA-02_20210811_034956.wav,3,spectograms/XC1057348-Tten-SOUDA-02_20210811_034956.png
European Free-tailed Bat,XC1057347-Tten-SOUDA-02_20210811_033006.wav,3,spectograms/XC1057347-Tten-SOUDA-02_20210811_033006.png
European Free-tailed Bat,XC1057346-Tten-SOUDA-02_20210811_032440.wav,3,spectograms/XC1057346-Tten-SOUDA-02_20210811_032440.png
European Free-tailed Bat,XC1057345-Tten-SOUDA-02_20210811_030925.wav,3,spectograms/XC1057345-Tten-SOUDA-02_20210811_030925.png
European Free-tailed Bat,XC1057344-Tten-SOUDA-02_20210811_030334.wav,3,spectograms/XC1057344-Tten-SOUDA-02_20210811_030334.png
European Free-tailed Bat,XC1057343-Tten-SOUDA-02_20210811_025942.wav,3,spectograms/XC1057343-Tten-SOUDA-02_20210811_025942.png
European Free-tailed Bat,XC1057342-Tten-SOUDA-02_20210811_024927.wav,3,spectograms/XC1057342-Tten-SOUDA-02_20210811_024927.png
European Free-tailed Bat,XC1057341-Tten-SOUDA-02_20210811_022621.wav,3,spectograms/XC1057341-Tten-SOUDA-02_20210811_022621.png
European Free-tailed Bat,XC1057340-Tten-SOUDA-02_20210811_021252.wav,3,spectograms/XC1057340-Tten-SOUDA-02_20210811_021252.png
European Free-tailed Bat,XC1057339-Tten-SOUDA-02_20210811_020638.wav,3,spectograms/XC1057339-Tten-SOUDA-02_20210811_020638.png
European Free-tailed Bat,XC1057338-Tten-SOUDA-02_20210811_014941.wav,3,spectograms/XC1057338-Tten-SOUDA-02_20210811_014941.png
European Free-tailed Bat,XC1057337-Tten-SOUDA-02_20210811_013632.wav,3,spectograms/XC1057337-Tten-SOUDA-02_20210811_013632.png
European Free-tailed Bat,XC1057336-Tten-SOUDA-02_20210811_011849.wav,3,spectograms/XC1057336-Tten-SOUDA-02_20210811_011849.png
European Free-tailed Bat,XC1057335-Tten-SOUDA-02_20210811_011146.wav,3,spectograms/XC1057335-Tten-SOUDA-02_20210811_011146.png
European Free-tailed Bat,XC1057334-Tten-SOUDA-02_20210811_010649.wav,3,spectograms/XC1057334-Tten-SOUDA-02_20210811_010649.png
European Free-tailed Bat,XC1057333-Tten-SOUDA-02_20210811_010031.wav,3,spectograms/XC1057333-Tten-SOUDA-02_20210811_010031.png
European Free-tailed Bat,XC1057332-Tten-SOUDA-02_20210811_005900.wav,3,spectograms/XC1057332-Tten-SOUDA-02_20210811_005900.png
European Free-tailed Bat,XC1057331-Tten-SOUDA-02_20210811_005238.wav,3,spectograms/XC1057331-Tten-SOUDA-02_20210811_005238.png
European Free-tailed Bat,XC1057330-Tten-SOUDA-02_20210811_004459.wav,3,spectograms/XC1057330-Tten-SOUDA-02_20210811_004459.png
European Free-tailed Bat,XC1057329-Tten-SOUDA-02_20210811_003726.wav,3,spectograms/XC1057329-Tten-SOUDA-02_20210811_003726.png
European Free-tailed Bat,XC1057328-Tten-SOUDA-02_20210811_002537.wav,3,spectograms/XC1057328-Tten-SOUDA-02_20210811_002537.png
European Free-tailed Bat,XC1057327-Tten-SOUDA-02_20210811_000654.wav,3,spectograms/XC1057327-Tten-SOUDA-02_20210811_000654.png
European Free-tailed Bat,XC1057326-Tten-SOUDA-02_20210810_045819.wav,3,spectograms/XC1057326-Tten-SOUDA-02_20210810_045819.png
European Free-tailed Bat,XC1057325-Tten-SOUDA-02_20210810_043821.wav,3,spectograms/XC1057325-Tten-SOUDA-02_20210810_043821.png
European Free-tailed Bat,XC1057324-Tten-SOUDA-02_20210810_035845.wav,3,spectograms/XC1057324-Tten-SOUDA-02_20210810_035845.png
European Free-tailed Bat,XC1057323-Tten-SOUDA-02_20210810_035453.wav,3,spectograms/XC1057323-Tten-SOUDA-02_20210810_035453.png
European Free-tailed Bat,XC1057322-Tten-SOUDA-02_20210810_034450.wav,3,spectograms/XC1057322-Tten-SOUDA-02_20210810_034450.png
European Free-tailed Bat,XC1057321-Tten-SOUDA-02_20210810_034108.wav,3,spectograms/XC1057321-Tten-SOUDA-02_20210810_034108.png
European Free-tailed Bat,XC1057320-Tten-SOUDA-02_20210810_033516.wav,3,spectograms/XC1057320-Tten-SOUDA-02_20210810_033516.png
European Free-tailed Bat,XC1057319-Tten-SOUDA-02_20210810_032800.wav,3,spectograms/XC1057319-Tten-SOUDA-02_20210810_032800.png
European Free-tailed Bat,XC1057318-Tten-SOUDA-02_20210810_031959.wav,3,spectograms/XC1057318-Tten-SOUDA-02_20210810_031959.png
European Free-tailed Bat,XC1057317-Tten-SOUDA-02_20210810_030137.wav,3,spectograms/XC1057317-Tten-SOUDA-02_20210810_030137.png
European Free-tailed Bat,XC1057316-Tten-SOUDA-02_20210810_025426.wav,3,spectograms/XC1057316-Tten-SOUDA-02_20210810_025426.png
European Free-tailed Bat,XC1057315-Tten-SOUDA-02_20210810_023136.wav,3,spectograms/XC1057315-Tten-SOUDA-02_20210810_023136.png
European Free-tailed Bat,XC1057314-Tten-SOUDA-02_20210810_020736.wav,3,spectograms/XC1057314-Tten-SOUDA-02_20210810_020736.png
European Free-tailed Bat,XC1057313-Tten-SOUDA-02_20210810_015428.wav,3,spectograms/XC1057313-Tten-SOUDA-02_20210810_015428.png
European Free-tailed Bat,XC1057312-Tten-SOUDA-02_20210810_014949.wav,3,spectograms/XC1057312-Tten-SOUDA-02_20210810_014949.png
European Free-tailed Bat,XC1057311-Tten-SOUDA-02_20210810_014543.wav,3,spectograms/XC1057311-Tten-SOUDA-02_20210810_014543.png
European Free-tailed Bat,XC1057310-Tten-SOUDA-02_20210810_014229.wav,3,spectograms/XC1057310-Tten-SOUDA-02_20210810_014229.png
European Free-tailed Bat,XC1057309-Tten-SOUDA-02_20210810_013904.wav,3,spectograms/XC1057309-Tten-SOUDA-02_20210810_013904.png
European Free-tailed Bat,XC1057308-Tten-SOUDA-02_20210810_013451.wav,3,spectograms/XC1057308-Tten-SOUDA-02_20210810_013451.png
European Free-tailed Bat,XC1057307-Tten-SOUDA-02_20210810_013158.wav,3,spectograms/XC1057307-Tten-SOUDA-02_20210810_013158.png
European Free-tailed Bat,XC1057306-Tten-SOUDA-02_20210810_012759.wav,3,spectograms/XC1057306-Tten-SOUDA-02_20210810_012759.png
European Free-tailed Bat,XC1057305-Tten-SOUDA-02_20210810_011827.wav,3,spectograms/XC1057305-Tten-SOUDA-02_20210810_011827.png
European Free-tailed Bat,XC1057304-Tten-SOUDA-02_20210810_011232.wav,3,spectograms/XC1057304-Tten-SOUDA-02_20210810_011232.png
European Free-tailed Bat,XC1057302-Tten-SOUDA-02_20210810_010058.wav,3,spectograms/XC1057302-Tten-SOUDA-02_20210810_010058.png
European Free-tailed Bat,XC1057301-Tten-SOUDA-02_20210810_005537.wav,3,spectograms/XC1057301-Tten-SOUDA-02_20210810_005537.png
European Free-tailed Bat,XC1057300-Tten-SOUDA-02_20210810_004348.wav,3,spectograms/XC1057300-Tten-SOUDA-02_20210810_004348.png
European Free-tailed Bat,XC1057299-Tten-SOUDA-02_20210810_003236.wav,3,spectograms/XC1057299-Tten-SOUDA-02_20210810_003236.png
European Free-tailed Bat,XC1057298-Tten-SOUDA-02_20210810_002524.wav,3,spectograms/XC1057298-Tten-SOUDA-02_20210810_002524.png
European Free-tailed Bat,XC1057297-Tten-SOUDA-02_20210810_001715.wav,3,spectograms/XC1057297-Tten-SOUDA-02_20210810_001715.png
European Free-tailed Bat,XC1057296-Tten-SOUDA-02_20210810_000918.wav,3,spectograms/XC1057296-Tten-SOUDA-02_20210810_000918.png
European Free-tailed Bat,XC1057295-Tten-SOUDA-02_20210809_235334.wav,3,spectograms/XC1057295-Tten-SOUDA-02_20210809_235334.png
European Free-tailed Bat,XC1057294-Tten-SOUDA-02_20210809_234814.wav,3,spectograms/XC1057294-Tten-SOUDA-02_20210809_234814.png
European Free-tailed Bat,XC1057293-Tten-SOUDA-02_20210809_233223.wav,3,spectograms/XC1057293-Tten-SOUDA-02_20210809_233223.png
European Free-tailed Bat,XC1057292-Tten-SOUDA-02_20210809_231223.wav,3,spectograms/XC1057292-Tten-SOUDA-02_20210809_231223.png
European Free-tailed Bat,XC1057291-Tten-SOUDA-02_20210809_225338.wav,3,spectograms/XC1057291-Tten-SOUDA-02_20210809_225338.png
European Free-tailed Bat,XC1057290-Tten-SOUDA-02_20210809_222312.wav,3,spectograms/XC1057290-Tten-SOUDA-02_20210809_222312.png
European Free-tailed Bat,XC1057289-Tten-SOUDA-02_20210809_221746.wav,3,spectograms/XC1057289-Tten-SOUDA-02_20210809_221746.png
European Free-tailed Bat,XC1057288-Tten-SOUDA-02_20210809_221255.wav,3,spectograms/XC1057288-Tten-SOUDA-02_20210809_221255.png
European Free-tailed Bat,XC1057287-Tten-SOUDA-02_20210809_214714.wav,3,spectograms/XC1057287-Tten-SOUDA-02_20210809_214714.png
European Free-tailed Bat,XC1057286-Tten-SOUDA-02_20210809_212759.wav,3,spectograms/XC1057286-Tten-SOUDA-02_20210809_212759.png
European Free-tailed Bat,XC1057285-Tten-SOUDA-02_20210809_053334.wav,3,spectograms/XC1057285-Tten-SOUDA-02_20210809_053334.png
European Free-tailed Bat,XC1057284-Tten-SOUDA-02_20210809_050644.wav,3,spectograms/XC1057284-Tten-SOUDA-02_20210809_050644.png
European Free-tailed Bat,XC1057283-Tten-SOUDA-02_20210809_045615.wav,3,spectograms/XC1057283-Tten-SOUDA-02_20210809_045615.png
European Free-tailed Bat,XC1057282-Tten-SOUDA-02_20210809_044720.wav,3,spectograms/XC1057282-Tten-SOUDA-02_20210809_044720.png
European Free-tailed Bat,XC1057281-Tten-SOUDA-02_20210809_043825.wav,3,spectograms/XC1057281-Tten-SOUDA-02_20210809_043825.png
European Free-tailed Bat,XC1057280-Tten-SOUDA-02_20210809_043123.wav,3,spectograms/XC1057280-Tten-SOUDA-02_20210809_043123.png
European Free-tailed Bat,XC1057279-Tten-SOUDA-02_20210809_041441.wav,3,spectograms/XC1057279-Tten-SOUDA-02_20210809_041441.png
European Free-tailed Bat,XC1057278-Tten-SOUDA-02_20210809_040954.wav,3,spectograms/XC1057278-Tten-SOUDA-02_20210809_040954.png
European Free-tailed Bat,XC1057277-Tten-SOUDA-02_20210809_040506.wav,3,spectograms/XC1057277-Tten-SOUDA-02_20210809_040506.png
European Free-tailed Bat,XC1057276-Tten-SOUDA-02_20210809_035642.wav,3,spectograms/XC1057276-Tten-SOUDA-02_20210809_035642.png
European Free-tailed Bat,XC1057275-Tten-SOUDA-02_20210809_035119.wav,3,spectograms/XC1057275-Tten-SOUDA-02_20210809_035119.png
European Free-tailed Bat,XC1057274-Tten-SOUDA-02_20210809_034432.wav,3,spectograms/XC1057274-Tten-SOUDA-02_20210809_034432.png
European Free-tailed Bat,XC1057273-Tten-SOUDA-02_20210809_032443.wav,3,spectograms/XC1057273-Tten-SOUDA-02_20210809_032443.png
European Free-tailed Bat,XC1057271-Tten-SOUDA-02_20210809_032103.wav,3,spectograms/XC1057271-Tten-SOUDA-02_20210809_032103.png
European Free-tailed Bat,XC1057270-Tten-SOUDA-02_20210809_031815.wav,3,spectograms/XC1057270-Tten-SOUDA-02_20210809_031815.png
European Free-tailed Bat,XC1057269-Tten-SOUDA-02_20210809_031132.wav,3,spectograms/XC1057269-Tten-SOUDA-02_20210809_031132.png
European Free-tailed Bat,XC1057268-Tten-SOUDA-02_20210809_030442.wav,3,spectograms/XC1057268-Tten-SOUDA-02_20210809_030442.png
European Free-tailed Bat,XC1057267-Tten-SOUDA-02_20210809_024955.wav,3,spectograms/XC1057267-Tten-SOUDA-02_20210809_024955.png
European Free-tailed Bat,XC1057265-Tten-SOUDA-02_20210809_024119.wav,3,spectograms/XC1057265-Tten-SOUDA-02_20210809_024119.png
European Free-tailed Bat,XC1057264-Tten-SOUDA-02_20210809_023506.wav,3,spectograms/XC1057264-Tten-SOUDA-02_20210809_023506.png
European Free-tailed Bat,XC1057263-Tten-SOUDA-02_20210809_022937.wav,3,spectograms/XC1057263-Tten-SOUDA-02_20210809_022937.png
European Free-tailed Bat,XC1057262-Tten-SOUDA-02_20210809_022537.wav,3,spectograms/XC1057262-Tten-SOUDA-02_20210809_022537.png
European Free-tailed Bat,XC1057261-Tten-SOUDA-02_20210809_022145.wav,3,spectograms/XC1057261-Tten-SOUDA-02_20210809_022145.png
European Free-tailed Bat,XC1057260-Tten-SOUDA-02_20210809_020125.wav,3,spectograms/XC1057260-Tten-SOUDA-02_20210809_020125.png
European Free-tailed Bat,XC1057259-Tten-SOUDA-02_20210809_015727.wav,3,spectograms/XC1057259-Tten-SOUDA-02_20210809_015727.png
European Free-tailed Bat,XC1057258-Tten-SOUDA-02_20210809_015223.wav,3,spectograms/XC1057258-Tten-SOUDA-02_20210809_015223.png
European Free-tailed Bat,XC1057257-Tten-SOUDA-02_20210809_013657.wav,3,spectograms/XC1057257-Tten-SOUDA-02_20210809_013657.png
European Free-tailed Bat,XC1057256-Tten-SOUDA-02_20210809_012909.wav,3,spectograms/XC1057256-Tten-SOUDA-02_20210809_012909.png
European Free-tailed Bat,XC1057255-Tten-SOUDA-02_20210809_012348.wav,3,spectograms/XC1057255-Tten-SOUDA-02_20210809_012348.png
European Free-tailed Bat,XC1057254-Tten-SOUDA-02_20210809_011852.wav,3,spectograms/XC1057254-Tten-SOUDA-02_20210809_011852.png
European Free-tailed Bat,XC1057253-Tten-SOUDA-02_20210809_011203.wav,3,spectograms/XC1057253-Tten-SOUDA-02_20210809_011203.png
European Free-tailed Bat,XC1057252-Tten-SOUDA-02_20210809_010017.wav,3,spectograms/XC1057252-Tten-SOUDA-02_20210809_010017.png
European Free-tailed Bat,XC1057251-Tten-SOUDA-02_20210809_005754.wav,3,spectograms/XC1057251-Tten-SOUDA-02_20210809_005754.png
European Free-tailed Bat,XC1057250-Tten-SOUDA-02_20210809_004628.wav,3,spectograms/XC1057250-Tten-SOUDA-02_20210809_004628.png
European Free-tailed Bat,XC1057249-Tten-SOUDA-02_20210809_003525.wav,3,spectograms/XC1057249-Tten-SOUDA-02_20210809_003525.png
European Free-tailed Bat,XC1057248-Tten-SOUDA-02_20210809_003051.wav,3,spectograms/XC1057248-Tten-SOUDA-02_20210809_003051.png
European Free-tailed Bat,XC1057247-Tten-SOUDA-02_20210809_002256.wav,3,spectograms/XC1057247-Tten-SOUDA-02_20210809_002256.png
European Free-tailed Bat,XC1057246-Tten-SOUDA-02_20210809_001735.wav,3,spectograms/XC1057246-Tten-SOUDA-02_20210809_001735.png
European Free-tailed Bat,XC1057245-Tten-SOUDA-02_20210809_000945.wav,3,spectograms/XC1057245-Tten-SOUDA-02_20210809_000945.png
European Free-tailed Bat,XC1057244-Tten-SOUDA-02_20210809_000417.wav,3,spectograms/XC1057244-Tten-SOUDA-02_20210809_000417.png
European Free-tailed Bat,XC1057243-Tten-SOUDA-02_20210808_235956.wav,3,spectograms/XC1057243-Tten-SOUDA-02_20210808_235956.png
European Free-tailed Bat,XC1057242-Tten-SOUDA-02_20210808_235059.wav,3,spectograms/XC1057242-Tten-SOUDA-02_20210808_235059.png
European Free-tailed Bat,XC1057241-Tten-SOUDA-02_20210808_234740.wav,3,spectograms/XC1057241-Tten-SOUDA-02_20210808_234740.png
European Free-tailed Bat,XC1057240-Tten-SOUDA-02_20210808_234248.wav,3,spectograms/XC1057240-Tten-SOUDA-02_20210808_234248.png
European Free-tailed Bat,XC1057239-Tten-SOUDA-02_20210808_233440.wav,3,spectograms/XC1057239-Tten-SOUDA-02_20210808_233440.png
European Free-tailed Bat,XC1057238-Tten-SOUDA-02_20210808_232449.wav,3,spectograms/XC1057238-Tten-SOUDA-02_20210808_232449.png
European Free-tailed Bat,XC1057237-Tten-SOUDA-02_20210808_231444.wav,3,spectograms/XC1057237-Tten-SOUDA-02_20210808_231444.png
European Free-tailed Bat,XC1057236-Tten-SOUDA-02_20210808_231000.wav,3,spectograms/XC1057236-Tten-SOUDA-02_20210808_231000.png
Lesser Horseshoe Bat,XC1062124-Sasalo-stream-01Oct10-29_0_00000_000.wav,6,spectograms/XC1062124-Sasalo-stream-01Oct10-29_0_00000_000.png
Lesser Horseshoe Bat,XC1062099-Kefala-to-Sempronas-28Sept10-16_1_00029_999.wav,6,spectograms/XC1062099-Kefala-to-Sempronas-28Sept10-16_1_00029_999.png
Lesser Horseshoe Bat,XC1061815-Orfeas-D500-13to14May2020-M00749.wav,6,spectograms/XC1061815-Orfeas-D500-13to14May2020-M00749.png
Lesser Horseshoe Bat,XC1061364-Metsovo-2021-d1000_3-M00007_00010_000.wav,6,spectograms/XC1061364-Metsovo-2021-d1000_3-M00007_00010_000.png
Lesser Horseshoe Bat,XC1061265-Fantaxospiliara-emergence-22Aug13-(4)_0_00019_999.wav,6,spectograms/XC1061265-Fantaxospiliara-emergence-22Aug13-(4)_0_00019_999.png
Lesser Horseshoe Bat,XC1061263-Fantaxospiliara-emergence-22Aug13-(4)_0_00000_000.wav,6,spectograms/XC1061263-Fantaxospiliara-emergence-22Aug13-(4)_0_00000_000.png
Lesser Horseshoe Bat,XC1061262-Fantaxospiliara-emergence-22Aug13-(3)_0_00010_000.wav,6,spectograms/XC1061262-Fantaxospiliara-emergence-22Aug13-(3)_0_00010_000.png
Lesser Horseshoe Bat,XC1061261-Fantaxospiliara-emergence-22Aug13-(1)_0_00019_999.wav,6,spectograms/XC1061261-Fantaxospiliara-emergence-22Aug13-(1)_0_00019_999.png
Lesser Horseshoe Bat,XC1060564-Rhip-Karydi-Cypress-20210729_233200.wav,6,spectograms/XC1060564-Rhip-Karydi-Cypress-20210729_233200.png
Lesser Horseshoe Bat,XC1038100-bct_woodland_hope_128_rhinolophus_hipposideros_20240629_222400.wav,6,spectograms/XC1038100-bct_woodland_hope_128_rhinolophus_hipposideros_20240629_222400.png
Lesser Horseshoe Bat,"XC1036391-RHIHIP_20250831_205121-Rhinolophus-hipposideros.-UK,-Cornwall,-Helston,-Caervallack.-Stephan-Risch.wav",6,"spectograms/XC1036391-RHIHIP_20250831_205121-Rhinolophus-hipposideros.-UK,-Cornwall,-Helston,-Caervallack.-Stephan-Risch.png"
Lesser Horseshoe Bat,XC1061758-Latsida-Gaidaron-area-20231003_214305T.wav,6,spectograms/XC1061758-Latsida-Gaidaron-area-20231003_214305T.png
Lesser Horseshoe Bat,XC1061568-Vougioukliana-30Sept11-16_1_00010_000.wav,6,spectograms/XC1061568-Vougioukliana-30Sept11-16_1_00010_000.png
Lesser Horseshoe Bat,XC1061554-Vougioukliana-05Oct09-29_1_00019_999.wav,6,spectograms/XC1061554-Vougioukliana-05Oct09-29_1_00019_999.png
Lesser Horseshoe Bat,XC1061548-Vougioukliana-05July09-14_1_00010_000.wav,6,spectograms/XC1061548-Vougioukliana-05July09-14_1_00010_000.png
Lesser Horseshoe Bat,XC1038165-bct_woodland_hope_193_rhinolophus_hipposideros_20240608_230700.wav,6,spectograms/XC1038165-bct_woodland_hope_193_rhinolophus_hipposideros_20240608_230700.png
Lesser Horseshoe Bat,XC1038164-bct_woodland_hope_192_rhinolophus_hipposideros_20240608_230200.wav,6,spectograms/XC1038164-bct_woodland_hope_192_rhinolophus_hipposideros_20240608_230200.png
Lesser Horseshoe Bat,XC1038163-bct_woodland_hope_191_rhinolophus_hipposideros_20240608_223700.wav,6,spectograms/XC1038163-bct_woodland_hope_191_rhinolophus_hipposideros_20240608_223700.png
Lesser Horseshoe Bat,XC1038162-bct_woodland_hope_190_rhinolophus_hipposideros_20240626_221400.wav,6,spectograms/XC1038162-bct_woodland_hope_190_rhinolophus_hipposideros_20240626_221400.png
Lesser Horseshoe Bat,XC1038160-bct_woodland_hope_188_rhinolophus_hipposideros_20240628_005000.wav,6,spectograms/XC1038160-bct_woodland_hope_188_rhinolophus_hipposideros_20240628_005000.png
Lesser Horseshoe Bat,XC1038159-bct_woodland_hope_187_rhinolophus_hipposideros_20240627_020500.wav,6,spectograms/XC1038159-bct_woodland_hope_187_rhinolophus_hipposideros_20240627_020500.png
Lesser Horseshoe Bat,XC1038158-bct_woodland_hope_186_rhinolophus_hipposideros_20240609_010200.wav,6,spectograms/XC1038158-bct_woodland_hope_186_rhinolophus_hipposideros_20240609_010200.png
Lesser Horseshoe Bat,XC1038157-bct_woodland_hope_185_rhinolophus_hipposideros_20240712_220200.wav,6,spectograms/XC1038157-bct_woodland_hope_185_rhinolophus_hipposideros_20240712_220200.png
Lesser Horseshoe Bat,XC1038154-bct_woodland_hope_182_rhinolophus_hipposideros_20240608_223700.wav,6,spectograms/XC1038154-bct_woodland_hope_182_rhinolophus_hipposideros_20240608_223700.png
Lesser Horseshoe Bat,XC1038153-bct_woodland_hope_181_rhinolophus_hipposideros_20240707_221600.wav,6,spectograms/XC1038153-bct_woodland_hope_181_rhinolophus_hipposideros_20240707_221600.png
Lesser Horseshoe Bat,XC1038149-bct_woodland_hope_177_rhinolophus_hipposideros_20240611_040600.wav,6,spectograms/XC1038149-bct_woodland_hope_177_rhinolophus_hipposideros_20240611_040600.png
Lesser Horseshoe Bat,XC1038148-bct_woodland_hope_176_rhinolophus_hipposideros_20240609_221300.wav,6,spectograms/XC1038148-bct_woodland_hope_176_rhinolophus_hipposideros_20240609_221300.png
Lesser Horseshoe Bat,XC1038145-bct_woodland_hope_173_rhinolophus_hipposideros_20240710_034100.wav,6,spectograms/XC1038145-bct_woodland_hope_173_rhinolophus_hipposideros_20240710_034100.png
Lesser Horseshoe Bat,XC1038141-bct_woodland_hope_169_rhinolophus_hipposideros_20240708_012700.wav,6,spectograms/XC1038141-bct_woodland_hope_169_rhinolophus_hipposideros_20240708_012700.png
Lesser Horseshoe Bat,XC1038140-bct_woodland_hope_168_rhinolophus_hipposideros_20240704_014900.wav,6,spectograms/XC1038140-bct_woodland_hope_168_rhinolophus_hipposideros_20240704_014900.png
Lesser Horseshoe Bat,XC1038139-bct_woodland_hope_167_rhinolophus_hipposideros_20240713_221200.wav,6,spectograms/XC1038139-bct_woodland_hope_167_rhinolophus_hipposideros_20240713_221200.png
Lesser Horseshoe Bat,XC1038138-bct_woodland_hope_166_rhinolophus_hipposideros_20240713_044400.wav,6,spectograms/XC1038138-bct_woodland_hope_166_rhinolophus_hipposideros_20240713_044400.png
Lesser Horseshoe Bat,XC1038136-bct_woodland_hope_164_rhinolophus_hipposideros_20240627_032100.wav,6,spectograms/XC1038136-bct_woodland_hope_164_rhinolophus_hipposideros_20240627_032100.png
Lesser Horseshoe Bat,XC1038135-bct_woodland_hope_163_rhinolophus_hipposideros_20240610_221400.wav,6,spectograms/XC1038135-bct_woodland_hope_163_rhinolophus_hipposideros_20240610_221400.png
Lesser Horseshoe Bat,XC1038131-bct_woodland_hope_159_rhinolophus_hipposideros_20240708_002200.wav,6,spectograms/XC1038131-bct_woodland_hope_159_rhinolophus_hipposideros_20240708_002200.png
Lesser Horseshoe Bat,XC1038130-bct_woodland_hope_158_rhinolophus_hipposideros_20240707_231600.wav,6,spectograms/XC1038130-bct_woodland_hope_158_rhinolophus_hipposideros_20240707_231600.png
Lesser Horseshoe Bat,XC1038129-bct_woodland_hope_157_rhinolophus_hipposideros_20240628_225400.wav,6,spectograms/XC1038129-bct_woodland_hope_157_rhinolophus_hipposideros_20240628_225400.png
Lesser Horseshoe Bat,XC1038127-bct_woodland_hope_155_rhinolophus_hipposideros_20240610_220900.wav,6,spectograms/XC1038127-bct_woodland_hope_155_rhinolophus_hipposideros_20240610_220900.png
Lesser Horseshoe Bat,XC1038126-bct_woodland_hope_154_rhinolophus_hipposideros_20240711_214300.wav,6,spectograms/XC1038126-bct_woodland_hope_154_rhinolophus_hipposideros_20240711_214300.png
Lesser Horseshoe Bat,XC1038125-bct_woodland_hope_153_rhinolophus_hipposideros_20240709_215400.wav,6,spectograms/XC1038125-bct_woodland_hope_153_rhinolophus_hipposideros_20240709_215400.png
Lesser Horseshoe Bat,XC1038124-bct_woodland_hope_152_rhinolophus_hipposideros_20240714_042800.wav,6,spectograms/XC1038124-bct_woodland_hope_152_rhinolophus_hipposideros_20240714_042800.png
Lesser Horseshoe Bat,XC1038123-bct_woodland_hope_151_rhinolophus_hipposideros_20240713_043900.wav,6,spectograms/XC1038123-bct_woodland_hope_151_rhinolophus_hipposideros_20240713_043900.png
Lesser Horseshoe Bat,XC1038121-bct_woodland_hope_149_rhinolophus_hipposideros_20240611_031600.wav,6,spectograms/XC1038121-bct_woodland_hope_149_rhinolophus_hipposideros_20240611_031600.png
Lesser Horseshoe Bat,XC1038120-bct_woodland_hope_148_rhinolophus_hipposideros_20240628_011000.wav,6,spectograms/XC1038120-bct_woodland_hope_148_rhinolophus_hipposideros_20240628_011000.png
Lesser Horseshoe Bat,XC1038119-bct_woodland_hope_147_rhinolophus_hipposideros_20240707_232100.wav,6,spectograms/XC1038119-bct_woodland_hope_147_rhinolophus_hipposideros_20240707_232100.png
Lesser Horseshoe Bat,XC1038118-bct_woodland_hope_146_rhinolophus_hipposideros_20240706_221100.wav,6,spectograms/XC1038118-bct_woodland_hope_146_rhinolophus_hipposideros_20240706_221100.png
Lesser Horseshoe Bat,XC1038117-bct_woodland_hope_145_rhinolophus_hipposideros_20240705_041000.wav,6,spectograms/XC1038117-bct_woodland_hope_145_rhinolophus_hipposideros_20240705_041000.png
Lesser Horseshoe Bat,XC1038116-bct_woodland_hope_144_rhinolophus_hipposideros_20240708_030800.wav,6,spectograms/XC1038116-bct_woodland_hope_144_rhinolophus_hipposideros_20240708_030800.png
Lesser Horseshoe Bat,XC1038114-bct_woodland_hope_142_rhinolophus_hipposideros_20240708_011700.wav,6,spectograms/XC1038114-bct_woodland_hope_142_rhinolophus_hipposideros_20240708_011700.png
Lesser Horseshoe Bat,XC1038112-bct_woodland_hope_140_rhinolophus_hipposideros_20240630_223300.wav,6,spectograms/XC1038112-bct_woodland_hope_140_rhinolophus_hipposideros_20240630_223300.png
Lesser Horseshoe Bat,XC1038109-bct_woodland_hope_137_rhinolophus_hipposideros_20240712_225200.wav,6,spectograms/XC1038109-bct_woodland_hope_137_rhinolophus_hipposideros_20240712_225200.png
Lesser Horseshoe Bat,XC1038102-bct_woodland_hope_130_rhinolophus_hipposideros_20240714_030900.wav,6,spectograms/XC1038102-bct_woodland_hope_130_rhinolophus_hipposideros_20240714_030900.png
Lesser Horseshoe Bat,XC1038101-bct_woodland_hope_129_rhinolophus_hipposideros_20240708_014200.wav,6,spectograms/XC1038101-bct_woodland_hope_129_rhinolophus_hipposideros_20240708_014200.png
Lesser Horseshoe Bat,XC1038099-bct_woodland_hope_127_rhinolophus_hipposideros_20240713_031900.wav,6,spectograms/XC1038099-bct_woodland_hope_127_rhinolophus_hipposideros_20240713_031900.png
Lesser Horseshoe Bat,XC1038098-bct_woodland_hope_126_rhinolophus_hipposideros_20240710_214900.wav,6,spectograms/XC1038098-bct_woodland_hope_126_rhinolophus_hipposideros_20240710_214900.png
Lesser Horseshoe Bat,XC1038097-bct_woodland_hope_125_rhinolophus_hipposideros_20240708_003200.wav,6,spectograms/XC1038097-bct_woodland_hope_125_rhinolophus_hipposideros_20240708_003200.png
Lesser Horseshoe Bat,XC1038094-bct_woodland_hope_122_rhinolophus_hipposideros_20240704_222300.wav,6,spectograms/XC1038094-bct_woodland_hope_122_rhinolophus_hipposideros_20240704_222300.png
Lesser Horseshoe Bat,XC1038093-bct_woodland_hope_121_rhinolophus_hipposideros_20240704_034000.wav,6,spectograms/XC1038093-bct_woodland_hope_121_rhinolophus_hipposideros_20240704_034000.png
Lesser Horseshoe Bat,XC1038091-bct_woodland_hope_118_rhinolophus_hipposideros_20240628_222900.wav,6,spectograms/XC1038091-bct_woodland_hope_118_rhinolophus_hipposideros_20240628_222900.png
Lesser Horseshoe Bat,XC1038090-bct_woodland_hope_117_rhinolophus_hipposideros_20240709_215400.wav,6,spectograms/XC1038090-bct_woodland_hope_117_rhinolophus_hipposideros_20240709_215400.png
Lesser Horseshoe Bat,XC1038089-bct_woodland_hope_116_rhinolophus_hipposideros_20240630_040600.wav,6,spectograms/XC1038089-bct_woodland_hope_116_rhinolophus_hipposideros_20240630_040600.png
Lesser Horseshoe Bat,XC1038088-bct_woodland_hope_115_rhinolophus_hipposideros_20240628_223400.wav,6,spectograms/XC1038088-bct_woodland_hope_115_rhinolophus_hipposideros_20240628_223400.png
Lesser Horseshoe Bat,XC1038087-bct_woodland_hope_114_rhinolophus_hipposideros_20240628_034600.wav,6,spectograms/XC1038087-bct_woodland_hope_114_rhinolophus_hipposideros_20240628_034600.png
Lesser Horseshoe Bat,XC1038086-bct_woodland_hope_113_rhinolophus_hipposideros_20240628_012500.wav,6,spectograms/XC1038086-bct_woodland_hope_113_rhinolophus_hipposideros_20240628_012500.png
Lesser Horseshoe Bat,XC1038085-bct_woodland_hope_112_rhinolophus_hipposideros_20240608_223700.wav,6,spectograms/XC1038085-bct_woodland_hope_112_rhinolophus_hipposideros_20240608_223700.png
Lesser Horseshoe Bat,XC1038084-bct_woodland_hope_111_rhinolophus_hipposideros_20240712_231200.wav,6,spectograms/XC1038084-bct_woodland_hope_111_rhinolophus_hipposideros_20240712_231200.png
Lesser Horseshoe Bat,XC1038083-bct_woodland_hope_110_rhinolophus_hipposideros_20240712_230200.wav,6,spectograms/XC1038083-bct_woodland_hope_110_rhinolophus_hipposideros_20240712_230200.png
Lesser Horseshoe Bat,XC1038082-bct_woodland_hope_109_rhinolophus_hipposideros_20240708_042800.wav,6,spectograms/XC1038082-bct_woodland_hope_109_rhinolophus_hipposideros_20240708_042800.png
Lesser Horseshoe Bat,XC1038081-bct_woodland_hope_108_rhinolophus_hipposideros_20240707_222100.wav,6,spectograms/XC1038081-bct_woodland_hope_108_rhinolophus_hipposideros_20240707_222100.png
Lesser Horseshoe Bat,XC1038080-bct_woodland_hope_107_rhinolophus_hipposideros_20240707_221600.wav,6,spectograms/XC1038080-bct_woodland_hope_107_rhinolophus_hipposideros_20240707_221600.png
Lesser Horseshoe Bat,XC1038079-bct_woodland_hope_106_rhinolophus_hipposideros_20240705_221700.wav,6,spectograms/XC1038079-bct_woodland_hope_106_rhinolophus_hipposideros_20240705_221700.png
Lesser Horseshoe Bat,XC1038078-bct_woodland_hope_105_rhinolophus_hipposideros_20240629_041600.wav,6,spectograms/XC1038078-bct_woodland_hope_105_rhinolophus_hipposideros_20240629_041600.png
Lesser Horseshoe Bat,XC1038077-bct_woodland_hope_104_rhinolophus_hipposideros_20240629_040600.wav,6,spectograms/XC1038077-bct_woodland_hope_104_rhinolophus_hipposideros_20240629_040600.png
Lesser Horseshoe Bat,XC1038076-bct_woodland_hope_103_rhinolophus_hipposideros_20240626_220900.wav,6,spectograms/XC1038076-bct_woodland_hope_103_rhinolophus_hipposideros_20240626_220900.png
Lesser Horseshoe Bat,XC1038075-bct_woodland_hope_102_rhinolophus_hipposideros_20240609_024900.wav,6,spectograms/XC1038075-bct_woodland_hope_102_rhinolophus_hipposideros_20240609_024900.png
Lesser Horseshoe Bat,XC1038071-bct_woodland_hope_98_rhinolophus_hipposideros_20240710_222900.wav,6,spectograms/XC1038071-bct_woodland_hope_98_rhinolophus_hipposideros_20240710_222900.png
Lesser Horseshoe Bat,XC1038070-bct_woodland_hope_97_rhinolophus_hipposideros_20240708_013200.wav,6,spectograms/XC1038070-bct_woodland_hope_97_rhinolophus_hipposideros_20240708_013200.png
Lesser Horseshoe Bat,XC1038069-bct_woodland_hope_96_rhinolophus_hipposideros_20240708_005700.wav,6,spectograms/XC1038069-bct_woodland_hope_96_rhinolophus_hipposideros_20240708_005700.png
Lesser Horseshoe Bat,XC1038068-bct_woodland_hope_95_rhinolophus_hipposideros_20240708_002200.wav,6,spectograms/XC1038068-bct_woodland_hope_95_rhinolophus_hipposideros_20240708_002200.png
Lesser Horseshoe Bat,XC1038067-bct_woodland_hope_94_rhinolophus_hipposideros_20240628_225900.wav,6,spectograms/XC1038067-bct_woodland_hope_94_rhinolophus_hipposideros_20240628_225900.png
Lesser Horseshoe Bat,XC1038065-bct_woodland_hope_92_rhinolophus_hipposideros_20240714_043800.wav,6,spectograms/XC1038065-bct_woodland_hope_92_rhinolophus_hipposideros_20240714_043800.png
Lesser Horseshoe Bat,XC1038064-bct_woodland_hope_91_rhinolophus_hipposideros_20240713_222100.wav,6,spectograms/XC1038064-bct_woodland_hope_91_rhinolophus_hipposideros_20240713_222100.png
Lesser Horseshoe Bat,XC1038063-bct_woodland_hope_90_rhinolophus_hipposideros_20240713_044900.wav,6,spectograms/XC1038063-bct_woodland_hope_90_rhinolophus_hipposideros_20240713_044900.png
Lesser Horseshoe Bat,XC1038062-bct_woodland_hope_89_rhinolophus_hipposideros_20240709_213900.wav,6,spectograms/XC1038062-bct_woodland_hope_89_rhinolophus_hipposideros_20240709_213900.png
Lesser Horseshoe Bat,XC1038061-bct_woodland_hope_88_rhinolophus_hipposideros_20240709_213400.wav,6,spectograms/XC1038061-bct_woodland_hope_88_rhinolophus_hipposideros_20240709_213400.png
Lesser Horseshoe Bat,XC1038060-bct_woodland_hope_87_rhinolophus_hipposideros_20240713_214100.wav,6,spectograms/XC1038060-bct_woodland_hope_87_rhinolophus_hipposideros_20240713_214100.png
Lesser Horseshoe Bat,XC1038059-bct_woodland_hope_86_rhinolophus_hipposideros_20240711_044100.wav,6,spectograms/XC1038059-bct_woodland_hope_86_rhinolophus_hipposideros_20240711_044100.png
Lesser Horseshoe Bat,XC1038058-bct_woodland_hope_85_rhinolophus_hipposideros_20240710_043100.wav,6,spectograms/XC1038058-bct_woodland_hope_85_rhinolophus_hipposideros_20240710_043100.png
Lesser Horseshoe Bat,XC1038057-bct_woodland_hope_84_rhinolophus_hipposideros_20240611_031600.wav,6,spectograms/XC1038057-bct_woodland_hope_84_rhinolophus_hipposideros_20240611_031600.png
Lesser Horseshoe Bat,XC1038056-bct_woodland_hope_83_rhinolophus_hipposideros_20240628_011000.wav,6,spectograms/XC1038056-bct_woodland_hope_83_rhinolophus_hipposideros_20240628_011000.png
Lesser Horseshoe Bat,XC1038055-bct_woodland_hope_82_rhinolophus_hipposideros_20240704_223300.wav,6,spectograms/XC1038055-bct_woodland_hope_82_rhinolophus_hipposideros_20240704_223300.png
Lesser Horseshoe Bat,XC1038054-bct_woodland_hope_81_rhinolophus_hipposideros_20240610_225900.wav,6,spectograms/XC1038054-bct_woodland_hope_81_rhinolophus_hipposideros_20240610_225900.png
Lesser Horseshoe Bat,XC1038053-bct_woodland_hope_80_rhinolophus_hipposideros_20240609_223300.wav,6,spectograms/XC1038053-bct_woodland_hope_80_rhinolophus_hipposideros_20240609_223300.png
Lesser Horseshoe Bat,XC1038052-bct_woodland_hope_79_rhinolophus_hipposideros_20240609_221800.wav,6,spectograms/XC1038052-bct_woodland_hope_79_rhinolophus_hipposideros_20240609_221800.png
Lesser Horseshoe Bat,XC1038051-bct_woodland_hope_78_rhinolophus_hipposideros_20240609_040400.wav,6,spectograms/XC1038051-bct_woodland_hope_78_rhinolophus_hipposideros_20240609_040400.png
Lesser Horseshoe Bat,XC1038050-bct_woodland_hope_77_rhinolophus_hipposideros_20240711_031600.wav,6,spectograms/XC1038050-bct_woodland_hope_77_rhinolophus_hipposideros_20240711_031600.png
Lesser Horseshoe Bat,XC1038049-bct_woodland_hope_76_rhinolophus_hipposideros_20240629_233400.wav,6,spectograms/XC1038049-bct_woodland_hope_76_rhinolophus_hipposideros_20240629_233400.png
Lesser Horseshoe Bat,XC1038047-bct_woodland_hope_74_rhinolophus_hipposideros_20240713_221200.wav,6,spectograms/XC1038047-bct_woodland_hope_74_rhinolophus_hipposideros_20240713_221200.png
Lesser Horseshoe Bat,XC1038045-bct_woodland_hope_72_rhinolophus_hipposideros_20240628_040600.wav,6,spectograms/XC1038045-bct_woodland_hope_72_rhinolophus_hipposideros_20240628_040600.png
Lesser Horseshoe Bat,XC1038044-bct_woodland_hope_71_rhinolophus_hipposideros_20240626_215900.wav,6,spectograms/XC1038044-bct_woodland_hope_71_rhinolophus_hipposideros_20240626_215900.png
Lesser Horseshoe Bat,XC1038043-bct_woodland_hope_70_rhinolophus_hipposideros_20240609_023300.wav,6,spectograms/XC1038043-bct_woodland_hope_70_rhinolophus_hipposideros_20240609_023300.png
Lesser Horseshoe Bat,XC1038042-bct_woodland_hope_69_rhinolophus_hipposideros_20240609_014300.wav,6,spectograms/XC1038042-bct_woodland_hope_69_rhinolophus_hipposideros_20240609_014300.png
Lesser Horseshoe Bat,XC1038041-bct_woodland_hope_68_rhinolophus_hipposideros_20240712_215200.wav,6,spectograms/XC1038041-bct_woodland_hope_68_rhinolophus_hipposideros_20240712_215200.png
Lesser Horseshoe Bat,XC1038040-bct_woodland_hope_67_rhinolophus_hipposideros_20240712_014400.wav,6,spectograms/XC1038040-bct_woodland_hope_67_rhinolophus_hipposideros_20240712_014400.png
Lesser Horseshoe Bat,XC1038032-bct_woodland_hope_59_rhinolophus_hipposideros_20240628_005200.wav,6,spectograms/XC1038032-bct_woodland_hope_59_rhinolophus_hipposideros_20240628_005200.png
Lesser Horseshoe Bat,XC1038031-bct_woodland_hope_58_rhinolophus_hipposideros_20240710_220400.wav,6,spectograms/XC1038031-bct_woodland_hope_58_rhinolophus_hipposideros_20240710_220400.png
Lesser Horseshoe Bat,XC1038030-bct_woodland_hope_57_rhinolophus_hipposideros_20240713_222200.wav,6,spectograms/XC1038030-bct_woodland_hope_57_rhinolophus_hipposideros_20240713_222200.png
Lesser Horseshoe Bat,XC1038029-bct_woodland_hope_56_rhinolophus_hipposideros_20240705_041500.wav,6,spectograms/XC1038029-bct_woodland_hope_56_rhinolophus_hipposideros_20240705_041500.png
Lesser Horseshoe Bat,XC1038024-bct_woodland_hope_50_rhinolophus_hipposideros_20240608_230200.wav,6,spectograms/XC1038024-bct_woodland_hope_50_rhinolophus_hipposideros_20240608_230200.png
Lesser Horseshoe Bat,XC1038023-bct_woodland_hope_49_rhinolophus_hipposideros_20240608_223700.wav,6,spectograms/XC1038023-bct_woodland_hope_49_rhinolophus_hipposideros_20240608_223700.png
Lesser Horseshoe Bat,XC1038022-bct_woodland_hope_48_rhinolophus_hipposideros_20240629_040600.wav,6,spectograms/XC1038022-bct_woodland_hope_48_rhinolophus_hipposideros_20240629_040600.png
Lesser Horseshoe Bat,XC1038019-bct_woodland_hope_45_rhinolophus_hipposideros_20240711_215300.wav,6,spectograms/XC1038019-bct_woodland_hope_45_rhinolophus_hipposideros_20240711_215300.png
Lesser Horseshoe Bat,XC1038018-bct_woodland_hope_44_rhinolophus_hipposideros_20240710_220400.wav,6,spectograms/XC1038018-bct_woodland_hope_44_rhinolophus_hipposideros_20240710_220400.png
Lesser Horseshoe Bat,XC1038017-bct_woodland_hope_43_rhinolophus_hipposideros_20240628_005000.wav,6,spectograms/XC1038017-bct_woodland_hope_43_rhinolophus_hipposideros_20240628_005000.png
Lesser Horseshoe Bat,XC1038015-bct_woodland_hope_41_rhinolophus_hipposideros_20240610_221900.wav,6,spectograms/XC1038015-bct_woodland_hope_41_rhinolophus_hipposideros_20240610_221900.png
Lesser Horseshoe Bat,XC1038014-bct_woodland_hope_40_rhinolophus_hipposideros_20240610_220900.wav,6,spectograms/XC1038014-bct_woodland_hope_40_rhinolophus_hipposideros_20240610_220900.png
Lesser Horseshoe Bat,XC1038013-bct_woodland_hope_39_rhinolophus_hipposideros_20240714_044800.wav,6,spectograms/XC1038013-bct_woodland_hope_39_rhinolophus_hipposideros_20240714_044800.png
Lesser Horseshoe Bat,XC1038012-bct_woodland_hope_38_rhinolophus_hipposideros_20240713_031900.wav,6,spectograms/XC1038012-bct_woodland_hope_38_rhinolophus_hipposideros_20240713_031900.png
Lesser Horseshoe Bat,XC1038011-bct_woodland_hope_37_rhinolophus_hipposideros_20240712_002900.wav,6,spectograms/XC1038011-bct_woodland_hope_37_rhinolophus_hipposideros_20240712_002900.png
Lesser Horseshoe Bat,XC1038010-bct_woodland_hope_36_rhinolophus_hipposideros_20240711_214300.wav,6,spectograms/XC1038010-bct_woodland_hope_36_rhinolophus_hipposideros_20240711_214300.png
Lesser Horseshoe Bat,XC1038009-bct_woodland_hope_35_rhinolophus_hipposideros_20240713_043900.wav,6,spectograms/XC1038009-bct_woodland_hope_35_rhinolophus_hipposideros_20240713_043900.png
Lesser Horseshoe Bat,XC1038008-bct_woodland_hope_34_rhinolophus_hipposideros_20240712_050100.wav,6,spectograms/XC1038008-bct_woodland_hope_34_rhinolophus_hipposideros_20240712_050100.png
Lesser Horseshoe Bat,XC1038007-bct_woodland_hope_33_rhinolophus_hipposideros_20240710_042100.wav,6,spectograms/XC1038007-bct_woodland_hope_33_rhinolophus_hipposideros_20240710_042100.png
Lesser Horseshoe Bat,XC1038006-bct_woodland_hope_32_rhinolophus_hipposideros_20240629_234400.wav,6,spectograms/XC1038006-bct_woodland_hope_32_rhinolophus_hipposideros_20240629_234400.png
Lesser Horseshoe Bat,XC1038005-bct_woodland_hope_31_rhinolophus_hipposideros_20240710_222400.wav,6,spectograms/XC1038005-bct_woodland_hope_31_rhinolophus_hipposideros_20240710_222400.png
Lesser Horseshoe Bat,XC1038004-bct_woodland_hope_30_rhinolophus_hipposideros_20240713_230600.wav,6,spectograms/XC1038004-bct_woodland_hope_30_rhinolophus_hipposideros_20240713_230600.png
Lesser Horseshoe Bat,XC1038003-bct_woodland_hope_29_rhinolophus_hipposideros_20240707_231600.wav,6,spectograms/XC1038003-bct_woodland_hope_29_rhinolophus_hipposideros_20240707_231600.png
Lesser Horseshoe Bat,XC1038002-bct_woodland_hope_28_rhinolophus_hipposideros_20240704_222800.wav,6,spectograms/XC1038002-bct_woodland_hope_28_rhinolophus_hipposideros_20240704_222800.png
Lesser Horseshoe Bat,XC1038001-bct_woodland_hope_27_rhinolophus_hipposideros_20240629_222400.wav,6,spectograms/XC1038001-bct_woodland_hope_27_rhinolophus_hipposideros_20240629_222400.png
Lesser Horseshoe Bat,XC1037999-bct_woodland_hope_25_rhinolophus_hipposideros_20240609_221300.wav,6,spectograms/XC1037999-bct_woodland_hope_25_rhinolophus_hipposideros_20240609_221300.png
Lesser Horseshoe Bat,XC1037998-bct_woodland_hope_24_rhinolophus_hipposideros_20240713_042400.wav,6,spectograms/XC1037998-bct_woodland_hope_24_rhinolophus_hipposideros_20240713_042400.png
Lesser Horseshoe Bat,XC1037997-bct_woodland_hope_23_rhinolophus_hipposideros_20240708_025300.wav,6,spectograms/XC1037997-bct_woodland_hope_23_rhinolophus_hipposideros_20240708_025300.png
Lesser Horseshoe Bat,XC1037996-bct_woodland_hope_22_rhinolophus_hipposideros_20240706_225600.wav,6,spectograms/XC1037996-bct_woodland_hope_22_rhinolophus_hipposideros_20240706_225600.png
Lesser Horseshoe Bat,XC1037995-bct_woodland_hope_21_rhinolophus_hipposideros_20240705_032500.wav,6,spectograms/XC1037995-bct_woodland_hope_21_rhinolophus_hipposideros_20240705_032500.png
Lesser Horseshoe Bat,XC1037994-bct_woodland_hope_20_rhinolophus_hipposideros_20240629_042600.wav,6,spectograms/XC1037994-bct_woodland_hope_20_rhinolophus_hipposideros_20240629_042600.png
Lesser Horseshoe Bat,XC1037993-bct_woodland_hope_19_rhinolophus_hipposideros_20240714_044300.wav,6,spectograms/XC1037993-bct_woodland_hope_19_rhinolophus_hipposideros_20240714_044300.png
Lesser Horseshoe Bat,XC1037992-bct_woodland_hope_18_rhinolophus_hipposideros_20240712_215200.wav,6,spectograms/XC1037992-bct_woodland_hope_18_rhinolophus_hipposideros_20240712_215200.png
Lesser Horseshoe Bat,XC1037991-bct_woodland_hope_17_rhinolophus_hipposideros_20240711_212300.wav,6,spectograms/XC1037991-bct_woodland_hope_17_rhinolophus_hipposideros_20240711_212300.png
Lesser Horseshoe Bat,XC1037990-bct_woodland_hope_16_rhinolophus_hipposideros_20240628_023600.wav,6,spectograms/XC1037990-bct_woodland_hope_16_rhinolophus_hipposideros_20240628_023600.png
Lesser Horseshoe Bat,XC1037984-bct_woodland_hope_10_rhinolophus_hipposideros_20240716_220900.wav,6,spectograms/XC1037984-bct_woodland_hope_10_rhinolophus_hipposideros_20240716_220900.png
Lesser Horseshoe Bat,XC1037851-bct_bbats_155_rhinolophus_hipposideros_20240728_015700.wav,6,spectograms/XC1037851-bct_bbats_155_rhinolophus_hipposideros_20240728_015700.png
Lesser Horseshoe Bat,XC1005011-RHIHIP_20250519_053932.wav,6,spectograms/XC1005011-RHIHIP_20250519_053932.png
Lesser Horseshoe Bat,XC1005010-RHIHIP_20250519_053623.wav,6,spectograms/XC1005010-RHIHIP_20250519_053623.png
Lesser Horseshoe Bat,XC1005008-RHIHIP_20250519_053528.wav,6,spectograms/XC1005008-RHIHIP_20250519_053528.png
Lesser Horseshoe Bat,XC1005006-RHIHIP_20250519_053519.wav,6,spectograms/XC1005006-RHIHIP_20250519_053519.png
Lesser Horseshoe Bat,XC1005004-RHIHIP_20250519_050021.wav,6,spectograms/XC1005004-RHIHIP_20250519_050021.png
Lesser Horseshoe Bat,XC1005003-RHIHIP_20250519_044303.wav,6,spectograms/XC1005003-RHIHIP_20250519_044303.png
Lesser Horseshoe Bat,XC1005002-RHIHIP_20250519_000153.wav,6,spectograms/XC1005002-RHIHIP_20250519_000153.png
Lesser Horseshoe Bat,XC1004998-RHIFER_20250519_015537.wav,6,spectograms/XC1004998-RHIFER_20250519_015537.png
Lesser Horseshoe Bat,XC910361-RHIHIP_20240529_220122.wav,6,spectograms/XC910361-RHIHIP_20240529_220122.png
Lesser Horseshoe Bat,XC910360-RHIHIP_20240529_220129.wav,6,spectograms/XC910360-RHIHIP_20240529_220129.png
Lesser Horseshoe Bat,XC910359-NoID_20240529_220026XC.wav,6,spectograms/XC910359-NoID_20240529_220026XC.png
Lesser Horseshoe Bat,XC910358-20240529_215851.wav,6,spectograms/XC910358-20240529_215851.png
Lesser Horseshoe Bat,XC822589-rhipp_20230810_212501.wav,6,spectograms/XC822589-rhipp_20230810_212501.png
Lesser Horseshoe Bat,XC822574-RHIP_20230811_2222.wav,6,spectograms/XC822574-RHIP_20230811_2222.png
Lesser Horseshoe Bat,XC822568-RHIP_20230811_2330.wav,6,spectograms/XC822568-RHIP_20230811_2330.png
Lesser Horseshoe Bat,XC927583-04010009.wav,6,spectograms/XC927583-04010009.png
Lesser Horseshoe Bat,XC844674-Rhihip_echo_0058.wav,6,spectograms/XC844674-Rhihip_echo_0058.png
Lesser Horseshoe Bat,XC844672-Rhihip_echo_0056.wav,6,spectograms/XC844672-Rhihip_echo_0056.png
Lesser Horseshoe Bat,XC844671-Rhihip_echo_0055.wav,6,spectograms/XC844671-Rhihip_echo_0055.png
Lesser Horseshoe Bat,XC844670-Rhihip_echo_0054.wav,6,spectograms/XC844670-Rhihip_echo_0054.png
Lesser Horseshoe Bat,XC844669-Rhihip_echo_0049.wav,6,spectograms/XC844669-Rhihip_echo_0049.png
Lesser Horseshoe Bat,XC805646-33_Car660441-2021-Pass1-H1-20210515_214152_000_RHIHIP_SUR.wav,6,spectograms/XC805646-33_Car660441-2021-Pass1-H1-20210515_214152_000_RHIHIP_SUR.png
Soprano Pipistrelle,XC1060750-Pippyg-Paparitsa2021-sc-M00045.wav,9,spectograms/XC1060750-Pippyg-Paparitsa2021-sc-M00045.png
Soprano Pipistrelle,"XC1037039-PIPPYG_20250827_221941-Pipistellus-pygmaeus.-UK.-Cornwall,-Helston.-Caervallack.-Stephan-Risch.wav",9,"spectograms/XC1037039-PIPPYG_20250827_221941-Pipistellus-pygmaeus.-UK.-Cornwall,-Helston.-Caervallack.-Stephan-Risch.png"
Soprano Pipistrelle,XC1061932-Orfeas-D500-14to15May2020-M02024.wav,9,spectograms/XC1061932-Orfeas-D500-14to15May2020-M02024.png
Soprano Pipistrelle,XC1061343-Metsovo-2021-d1000_2-M00011_00015_000.wav,9,spectograms/XC1061343-Metsovo-2021-d1000_2-M00011_00015_000.png
Soprano Pipistrelle,XC1060632-Pippyg-AgApostol_20250710_052900.wav,9,spectograms/XC1060632-Pippyg-AgApostol_20250710_052900.png
Soprano Pipistrelle,XC1060629-Pippyg-AgApostol_20250710_052550.wav,9,spectograms/XC1060629-Pippyg-AgApostol_20250710_052550.png
Soprano Pipistrelle,XC1060623-Pippyg-AgApostol_20250709_212640.wav,9,spectograms/XC1060623-Pippyg-AgApostol_20250709_212640.png
Soprano Pipistrelle,XC1059743-Device000_20251011_223024.wav,9,spectograms/XC1059743-Device000_20251011_223024.png
Soprano Pipistrelle,XC1053139-Device000_20251011_223024.wav,9,spectograms/XC1053139-Device000_20251011_223024.png
Soprano Pipistrelle,XC1047190-07100088.wav,9,spectograms/XC1047190-07100088.png
Soprano Pipistrelle,XC1047167-07100065.wav,9,spectograms/XC1047167-07100065.png
Soprano Pipistrelle,XC1047164-07100056.wav,9,spectograms/XC1047164-07100056.png
Soprano Pipistrelle,XC1047162-07100003.wav,9,spectograms/XC1047162-07100003.png
Soprano Pipistrelle,XC1047061-07100019.wav,9,spectograms/XC1047061-07100019.png
Soprano Pipistrelle,XC1044710-xc-DEV_000_20251001_213342-000000.wav,9,spectograms/XC1044710-xc-DEV_000_20251001_213342-000000.png
Soprano Pipistrelle,XC1043272-Device000_20250926_215757.wav,9,spectograms/XC1043272-Device000_20250926_215757.png
Soprano Pipistrelle,XC1040983-pipistrellus_pygmaeus_siemianowka_podlaskie_20250920_191404.wav,9,spectograms/XC1040983-pipistrellus_pygmaeus_siemianowka_podlaskie_20250920_191404.png
Soprano Pipistrelle,XC1040982-pipistrellus_pygmaeus_siemianowka_podlaskie_20250920_191152.wav,9,spectograms/XC1040982-pipistrellus_pygmaeus_siemianowka_podlaskie_20250920_191152.png
Soprano Pipistrelle,XC1040981-pipistrellus_pygmaeus_siemianowka_podlaskie_20250920_190945.wav,9,spectograms/XC1040981-pipistrellus_pygmaeus_siemianowka_podlaskie_20250920_190945.png
Soprano Pipistrelle,XC1034815-2025-08-30c.wav,9,spectograms/XC1034815-2025-08-30c.png
Soprano Pipistrelle,XC1034302-PIPPIP_20250831_010901.wav,9,spectograms/XC1034302-PIPPIP_20250831_010901.png
Soprano Pipistrelle,XC1034301-PIPPYG_20250831_011023.wav,9,spectograms/XC1034301-PIPPYG_20250831_011023.png
Soprano Pipistrelle,XC1034296-26421301.wav,9,spectograms/XC1034296-26421301.png
Soprano Pipistrelle,XC1034173-PIPPYG_20250827_215022.wav,9,spectograms/XC1034173-PIPPYG_20250827_215022.png
Soprano Pipistrelle,XC1032612-2025-08-24a.wav,9,spectograms/XC1032612-2025-08-24a.png
Soprano Pipistrelle,XC1032318-2025-08-23e.wav,9,spectograms/XC1032318-2025-08-23e.png
Soprano Pipistrelle,XC1032317-2025-08-23d.wav,9,spectograms/XC1032317-2025-08-23d.png
Soprano Pipistrelle,XC1032315-2025-08-23c.wav,9,spectograms/XC1032315-2025-08-23c.png
Soprano Pipistrelle,XC1032313-2025-08-23b.wav,9,spectograms/XC1032313-2025-08-23b.png
Soprano Pipistrelle,XC1032312-2025-08-23a.wav,9,spectograms/XC1032312-2025-08-23a.png
Soprano Pipistrelle,XC1031662-2025-08-21.wav,9,spectograms/XC1031662-2025-08-21.png
Soprano Pipistrelle,XC1031660-2025-08-20a.wav,9,spectograms/XC1031660-2025-08-20a.png
Soprano Pipistrelle,XC1031208-2025-08-19.wav,9,spectograms/XC1031208-2025-08-19.png
Soprano Pipistrelle,XC1030362-2025-08-18b.wav,9,spectograms/XC1030362-2025-08-18b.png
Soprano Pipistrelle,XC1030145-2025-08-18.wav,9,spectograms/XC1030145-2025-08-18.png
Soprano Pipistrelle,XC1030139-PIPPYG_20250813_222627.wav,9,spectograms/XC1030139-PIPPYG_20250813_222627.png
Soprano Pipistrelle,XC1029329-PIPPYG_20250812_233530.wav,9,spectograms/XC1029329-PIPPYG_20250812_233530.png
Soprano Pipistrelle,XC1029054-MINSCH_20250814_214754.wav,9,spectograms/XC1029054-MINSCH_20250814_214754.png
Soprano Pipistrelle,XC1026134-PIPPYG_20250721_220421.wav,9,spectograms/XC1026134-PIPPYG_20250721_220421.png
Soprano Pipistrelle,XC1023790-PIPPYG_20210915_201037.wav,9,spectograms/XC1023790-PIPPYG_20210915_201037.png
Soprano Pipistrelle,XC1018949-M000441.wav,9,spectograms/XC1018949-M000441.png
Soprano Pipistrelle,XC1018327-PIPPYG_20220826_201439.wav,9,spectograms/XC1018327-PIPPYG_20220826_201439.png
Soprano Pipistrelle,XC998955-PIPPYG_20250516_220249.wav,9,spectograms/XC998955-PIPPYG_20250516_220249.png
Soprano Pipistrelle,XC892070-PIPPYG_20240330_195912.wav,9,spectograms/XC892070-PIPPYG_20240330_195912.png
Soprano Pipistrelle,XC892037-PIPPYG_20240330_192336.wav,9,spectograms/XC892037-PIPPYG_20240330_192336.png
Soprano Pipistrelle,XC881715-PIPPYG_20240314_193230.wav,9,spectograms/XC881715-PIPPYG_20240314_193230.png
Soprano Pipistrelle,XC881714-PIPPYG_20240314_193119.wav,9,spectograms/XC881714-PIPPYG_20240314_193119.png
Soprano Pipistrelle,XC830507-230917_1841-mix-Ppyg-ev-Paur.wav,9,spectograms/XC830507-230917_1841-mix-Ppyg-ev-Paur.png
Soprano Pipistrelle,XC829460-PIPPYG_20230914_201337.wav,9,spectograms/XC829460-PIPPYG_20230914_201337.png
Soprano Pipistrelle,XC829082-230911_1829-mix-Ppyg.wav,9,spectograms/XC829082-230911_1829-mix-Ppyg.png
Soprano Pipistrelle,XC754175-220923_0979A-sel-Ppyg.wav,9,spectograms/XC754175-220923_0979A-sel-Ppyg.png
Soprano Pipistrelle,XC956918-20240825_202558.wav,9,spectograms/XC956918-20240825_202558.png
Soprano Pipistrelle,XC928050-PIPPYG_20240818_002455.wav,9,spectograms/XC928050-PIPPYG_20240818_002455.png
Soprano Pipistrelle,XC926849-PIPPYG_20240812_223336.wav,9,spectograms/XC926849-PIPPYG_20240812_223336.png
Soprano Pipistrelle,XC926735-PIPPYG_20240811_212535.wav,9,spectograms/XC926735-PIPPYG_20240811_212535.png
Soprano Pipistrelle,XC926727-PIPPYG_20240809_212331.wav,9,spectograms/XC926727-PIPPYG_20240809_212331.png
Soprano Pipistrelle,XC925298-PIPPYG_20240804_Södra-Rörum-Prästabonnens-gård.wav,9,spectograms/XC925298-PIPPYG_20240804_Södra-Rörum-Prästabonnens-gård.png
Soprano Pipistrelle,XC924521-PIPPYG_20240801_222302.wav,9,spectograms/XC924521-PIPPYG_20240801_222302.png
Soprano Pipistrelle,XC924354-PIPPYG_20240723_221654.wav,9,spectograms/XC924354-PIPPYG_20240723_221654.png
Soprano Pipistrelle,XC924353-PIPPYG_20240723_221600.wav,9,spectograms/XC924353-PIPPYG_20240723_221600.png
Soprano Pipistrelle,XC923530-PIPPYG_20240717_212524.wav,9,spectograms/XC923530-PIPPYG_20240717_212524.png
Soprano Pipistrelle,XC918464-2MU01475_20240615_235730_dvärgpip.wav,9,spectograms/XC918464-2MU01475_20240615_235730_dvärgpip.png
Soprano Pipistrelle,XC910369-20240604_035600Pippygmaeussoccall.wav,9,spectograms/XC910369-20240604_035600Pippygmaeussoccall.png
Soprano Pipistrelle,XC909907-Echolocation---Manno-Kolvoort.wav,9,spectograms/XC909907-Echolocation---Manno-Kolvoort.png
Soprano Pipistrelle,XC895323-Husie.wav,9,spectograms/XC895323-Husie.png
Soprano Pipistrelle,XC892061-PIPPYG_20240330_201513.wav,9,spectograms/XC892061-PIPPYG_20240330_201513.png
Soprano Pipistrelle,XC881721-PIPPYG_20240314_191436.wav,9,spectograms/XC881721-PIPPYG_20240314_191436.png
Soprano Pipistrelle,XC881716-PIPPYG_20240314_194850.wav,9,spectograms/XC881716-PIPPYG_20240314_194850.png
Soprano Pipistrelle,XC877713-wurb_20230825T025505+0200_N58.934234E15.68426_FS384_28kHz-39dB.wav,9,spectograms/XC877713-wurb_20230825T025505+0200_N58.934234E15.68426_FS384_28kHz-39dB.png
Soprano Pipistrelle,XC829795-20230915_213942XC.wav,9,spectograms/XC829795-20230915_213942XC.png
Soprano Pipistrelle,XC828992-Pip_pygmaeus_social.wav,9,spectograms/XC828992-Pip_pygmaeus_social.png
Soprano Pipistrelle,XC828991-Pip_pygmaeus_buzz0329.wav,9,spectograms/XC828991-Pip_pygmaeus_buzz0329.png
Soprano Pipistrelle,XC828582-NoID_20230908_220602.wav,9,spectograms/XC828582-NoID_20230908_220602.png
Soprano Pipistrelle,XC828581-PIPPYG_20230908_221535.wav,9,spectograms/XC828581-PIPPYG_20230908_221535.png
Soprano Pipistrelle,XC828580-PLEAUR_20230908_220650.wav,9,spectograms/XC828580-PLEAUR_20230908_220650.png
Soprano Pipistrelle,XC828578-PIPPYG_20230908_220339.wav,9,spectograms/XC828578-PIPPYG_20230908_220339.png
Soprano Pipistrelle,XC828332-NoID_20230908_221635.wav,9,spectograms/XC828332-NoID_20230908_221635.png
Soprano Pipistrelle,XC828330-NoID_20230908_220410.wav,9,spectograms/XC828330-NoID_20230908_220410.png
Soprano Pipistrelle,XC828329-NoID_20230908_220355.wav,9,spectograms/XC828329-NoID_20230908_220355.png
Soprano Pipistrelle,XC826091-wurb_20230601T222303+0200_N58.91E17.66_TE256_20kHz-33dB.wav,9,spectograms/XC826091-wurb_20230601T222303+0200_N58.91E17.66_TE256_20kHz-33dB.png
Soprano Pipistrelle,XC825252-221013_1032A-sel-Ppyg.wav,9,spectograms/XC825252-221013_1032A-sel-Ppyg.png
Soprano Pipistrelle,XC825174-PIPPYG_20230825_214317XC.wav,9,spectograms/XC825174-PIPPYG_20230825_214317XC.png
Soprano Pipistrelle,XC825173-PIPPYG_20230825_215629.wav,9,spectograms/XC825173-PIPPYG_20230825_215629.png
Soprano Pipistrelle,XC825172-PIPPYG_20230825_213918XC.wav,9,spectograms/XC825172-PIPPYG_20230825_213918XC.png
Soprano Pipistrelle,XC821206-230720_1681-mix-Nnoc-ppyg.wav,9,spectograms/XC821206-230720_1681-mix-Nnoc-ppyg.png
Soprano Pipistrelle,XC817759-20230718_215345-_1672-Ppyg.wav,9,spectograms/XC817759-20230718_215345-_1672-Ppyg.png
Soprano Pipistrelle,XC817757-230718_1672-Ppyg.wav,9,spectograms/XC817757-230718_1672-Ppyg.png
Soprano Pipistrelle,XC817387-M031602.wav,9,spectograms/XC817387-M031602.png
Soprano Pipistrelle,XC817386-M031601.wav,9,spectograms/XC817386-M031601.png
Soprano Pipistrelle,XC813176-PIPPYG_20230630_231417XC.wav,9,spectograms/XC813176-PIPPYG_20230630_231417XC.png
Soprano Pipistrelle,XC808135-MINSCH_20230610_223636.wav,9,spectograms/XC808135-MINSCH_20230610_223636.png
Soprano Pipistrelle,XC808008-20230610_005756.wav,9,spectograms/XC808008-20230610_005756.png
Soprano Pipistrelle,XC807912-MINSCH_20230601_215734.wav,9,spectograms/XC807912-MINSCH_20230601_215734.png
Soprano Pipistrelle,XC805635-26_Car111377-2021-Pass1-Z2-20210510_053012_000_PIPPYG_exholocation_et_cris_sociaux_SUR.wav,9,spectograms/XC805635-26_Car111377-2021-Pass1-Z2-20210510_053012_000_PIPPYG_exholocation_et_cris_sociaux_SUR.png
Soprano Pipistrelle,XC803915-20230526_022515.wav,9,spectograms/XC803915-20230526_022515.png
Soprano Pipistrelle,XC803462-220605_0368.wav,9,spectograms/XC803462-220605_0368.png
Soprano Pipistrelle,XC759038-210610_0482B-sel-Dvärgpipistrell-näktergal.wav,9,spectograms/XC759038-210610_0482B-sel-Dvärgpipistrell-näktergal.png
Soprano Pipistrelle,XC757277-220721_0734B2-anon-mix-Ppyg-Gulsparv-koltrast-rödhake-får.wav,9,spectograms/XC757277-220721_0734B2-anon-mix-Ppyg-Gulsparv-koltrast-rödhake-får.png
Soprano Pipistrelle,XC754139-221004_1015-mix-Ppyg.wav,9,spectograms/XC754139-221004_1015-mix-Ppyg.png
Soprano Pipistrelle,XC754136-221004_1012-mix-Ppyg.wav,9,spectograms/XC754136-221004_1012-mix-Ppyg.png
Common Pipistrelle,XC1061363-Metsovo-2021-d1000_3-M00007_00000_000.wav,0,spectograms/XC1061363-Metsovo-2021-d1000_3-M00007_00000_000.png
Common Pipistrelle,XC1061362-Metsovo-2021-d1000_3-M00006_00020_000.wav,0,spectograms/XC1061362-Metsovo-2021-d1000_3-M00006_00020_000.png
Common Pipistrelle,XC1061361-Metsovo-2021-d1000_3-M00006_00000_000.wav,0,spectograms/XC1061361-Metsovo-2021-d1000_3-M00006_00000_000.png
Common Pipistrelle,XC1061360-Metsovo-2021-d1000_3-M00005_00020_000.wav,0,spectograms/XC1061360-Metsovo-2021-d1000_3-M00005_00020_000.png
Common Pipistrelle,XC1061359-Metsovo-2021-d1000_3-M00005_00000_000.wav,0,spectograms/XC1061359-Metsovo-2021-d1000_3-M00005_00000_000.png
Common Pipistrelle,XC1061358-Metsovo-2021-d1000_3-M00004_00005_000.wav,0,spectograms/XC1061358-Metsovo-2021-d1000_3-M00004_00005_000.png
Common Pipistrelle,XC1061356-Metsovo-2021-d1000_3-M00003_00025_000.wav,0,spectograms/XC1061356-Metsovo-2021-d1000_3-M00003_00025_000.png
Common Pipistrelle,XC1061355-Metsovo-2021-d1000_3-M00003_00010_000.wav,0,spectograms/XC1061355-Metsovo-2021-d1000_3-M00003_00010_000.png
Common Pipistrelle,XC1061354-Metsovo-2021-d1000_3-M00003_00000_000.wav,0,spectograms/XC1061354-Metsovo-2021-d1000_3-M00003_00000_000.png
Common Pipistrelle,XC1061353-Metsovo-2021-d1000_3-M00002_00000_000.wav,0,spectograms/XC1061353-Metsovo-2021-d1000_3-M00002_00000_000.png
Common Pipistrelle,XC1061352-Metsovo-2021-d1000_2-M00018_00005_000.wav,0,spectograms/XC1061352-Metsovo-2021-d1000_2-M00018_00005_000.png
Common Pipistrelle,XC1061351-Metsovo-2021-d1000_2-M00018_00000_000.wav,0,spectograms/XC1061351-Metsovo-2021-d1000_2-M00018_00000_000.png
Common Pipistrelle,XC1061350-Metsovo-2021-d1000_2-M00017_00000_000.wav,0,spectograms/XC1061350-Metsovo-2021-d1000_2-M00017_00000_000.png
Common Pipistrelle,XC1061349-Metsovo-2021-d1000_2-M00016_00000_000.wav,0,spectograms/XC1061349-Metsovo-2021-d1000_2-M00016_00000_000.png
Common Pipistrelle,XC1061348-Metsovo-2021-d1000_2-M00015_00010_000.wav,0,spectograms/XC1061348-Metsovo-2021-d1000_2-M00015_00010_000.png
Common Pipistrelle,XC1061347-Metsovo-2021-d1000_2-M00015_00000_000.wav,0,spectograms/XC1061347-Metsovo-2021-d1000_2-M00015_00000_000.png
Common Pipistrelle,XC1061346-Metsovo-2021-d1000_2-M00014_00010_000.wav,0,spectograms/XC1061346-Metsovo-2021-d1000_2-M00014_00010_000.png
Common Pipistrelle,XC1061345-Metsovo-2021-d1000_2-M00013_00000_000.wav,0,spectograms/XC1061345-Metsovo-2021-d1000_2-M00013_00000_000.png
Common Pipistrelle,XC1061344-Metsovo-2021-d1000_2-M00012_00000_000.wav,0,spectograms/XC1061344-Metsovo-2021-d1000_2-M00012_00000_000.png
Common Pipistrelle,XC1061340-Metsovo-2021-d1000_2-M00010_00010_000.wav,0,spectograms/XC1061340-Metsovo-2021-d1000_2-M00010_00010_000.png
Common Pipistrelle,XC1061339-Metsovo-2021-d1000_2-M00009_00010_000.wav,0,spectograms/XC1061339-Metsovo-2021-d1000_2-M00009_00010_000.png
Common Pipistrelle,XC1061338-Metsovo-2021-d1000_2-M00009_00000_000.wav,0,spectograms/XC1061338-Metsovo-2021-d1000_2-M00009_00000_000.png
Common Pipistrelle,XC1061337-Metsovo-2021-d1000_2-M00008_00000_000.wav,0,spectograms/XC1061337-Metsovo-2021-d1000_2-M00008_00000_000.png
Common Pipistrelle,XC1061336-Metsovo-2021-d1000_2-M00007_00015_000.wav,0,spectograms/XC1061336-Metsovo-2021-d1000_2-M00007_00015_000.png
Common Pipistrelle,XC1061335-Metsovo-2021-d1000_2-M00007_00005_000.wav,0,spectograms/XC1061335-Metsovo-2021-d1000_2-M00007_00005_000.png
Common Pipistrelle,XC1061334-Metsovo-2021-d1000_2-M00006_00015_000.wav,0,spectograms/XC1061334-Metsovo-2021-d1000_2-M00006_00015_000.png
Common Pipistrelle,XC1061333-Metsovo-2021-d1000_2-M00006_00000_000.wav,0,spectograms/XC1061333-Metsovo-2021-d1000_2-M00006_00000_000.png
Common Pipistrelle,XC1061332-Metsovo-2021-d1000_2-M00004_00000_000.wav,0,spectograms/XC1061332-Metsovo-2021-d1000_2-M00004_00000_000.png
Common Pipistrelle,XC1061331-Metsovo-2021-d1000_2-M00003_00000_000.wav,0,spectograms/XC1061331-Metsovo-2021-d1000_2-M00003_00000_000.png
Common Pipistrelle,XC1061330-Metsovo-2021-d1000_1_M00054_00000_000.wav,0,spectograms/XC1061330-Metsovo-2021-d1000_1_M00054_00000_000.png
Common Pipistrelle,XC1061329-Metsovo-2021-d1000_1_M00053_00010_000.wav,0,spectograms/XC1061329-Metsovo-2021-d1000_1_M00053_00010_000.png
Common Pipistrelle,XC1061328-Metsovo-2021-d1000_1_M00052_00000_000.wav,0,spectograms/XC1061328-Metsovo-2021-d1000_1_M00052_00000_000.png
Common Pipistrelle,XC1061327-Metsovo-2021-d1000_1_M00051_00000_000.wav,0,spectograms/XC1061327-Metsovo-2021-d1000_1_M00051_00000_000.png
Common Pipistrelle,XC1061326-Metsovo-2021-d1000_1_M00050_00010_000.wav,0,spectograms/XC1061326-Metsovo-2021-d1000_1_M00050_00010_000.png
Common Pipistrelle,XC1061325-Metsovo-2021-d1000_1_M00050_00000_000.wav,0,spectograms/XC1061325-Metsovo-2021-d1000_1_M00050_00000_000.png
Common Pipistrelle,XC1061324-Metsovo-2021-d1000_1_M00047_00000_000.wav,0,spectograms/XC1061324-Metsovo-2021-d1000_1_M00047_00000_000.png
Common Pipistrelle,XC1061323-Metsovo-2021-d1000_1_M00044_00000_000.wav,0,spectograms/XC1061323-Metsovo-2021-d1000_1_M00044_00000_000.png
Common Pipistrelle,XC1061322-Metsovo-2021-d1000_1_M00042_00000_000.wav,0,spectograms/XC1061322-Metsovo-2021-d1000_1_M00042_00000_000.png
Common Pipistrelle,XC1061321-Metsovo-2021-d1000_1_M00041_00005_000.wav,0,spectograms/XC1061321-Metsovo-2021-d1000_1_M00041_00005_000.png
Common Pipistrelle,XC1061320-Metsovo-2021-d1000_1_M00040_00000_000.wav,0,spectograms/XC1061320-Metsovo-2021-d1000_1_M00040_00000_000.png
Common Pipistrelle,XC1061319-Metsovo-2021-d1000_1_M00039_00000_000.wav,0,spectograms/XC1061319-Metsovo-2021-d1000_1_M00039_00000_000.png
Common Pipistrelle,XC1061318-Metsovo-2021-d1000_1_M00038_00005_000.wav,0,spectograms/XC1061318-Metsovo-2021-d1000_1_M00038_00005_000.png
Common Pipistrelle,XC1061317-Metsovo-2021-d1000_1_M00037_00020_000.wav,0,spectograms/XC1061317-Metsovo-2021-d1000_1_M00037_00020_000.png
Common Pipistrelle,XC1061316-Metsovo-2021-d1000_1_M00037_00000_000.wav,0,spectograms/XC1061316-Metsovo-2021-d1000_1_M00037_00000_000.png
Common Pipistrelle,XC1061315-Metsovo-2021-d1000_1_M00034_00000_000.wav,0,spectograms/XC1061315-Metsovo-2021-d1000_1_M00034_00000_000.png
Common Pipistrelle,XC1061314-Metsovo-2021-d1000_1_M00033_00000_000.wav,0,spectograms/XC1061314-Metsovo-2021-d1000_1_M00033_00000_000.png
Common Pipistrelle,XC1061313-Metsovo-2021-d1000_1_M00032_00000_000.wav,0,spectograms/XC1061313-Metsovo-2021-d1000_1_M00032_00000_000.png
Common Pipistrelle,XC1061312-Metsovo-2021-d1000_1_M00031_00000_000.wav,0,spectograms/XC1061312-Metsovo-2021-d1000_1_M00031_00000_000.png
Common Pipistrelle,XC1061311-Metsovo-2021-d1000_1_M00030_00000_000.wav,0,spectograms/XC1061311-Metsovo-2021-d1000_1_M00030_00000_000.png
Common Pipistrelle,XC1061310-Metsovo-2021-d1000_1_M00029_00005_000.wav,0,spectograms/XC1061310-Metsovo-2021-d1000_1_M00029_00005_000.png
Common Pipistrelle,XC1061309-Metsovo-2021-d1000_1_M00029_00000_000.wav,0,spectograms/XC1061309-Metsovo-2021-d1000_1_M00029_00000_000.png
Common Pipistrelle,XC1061308-Metsovo-2021-d1000_1_M00027_00000_000.wav,0,spectograms/XC1061308-Metsovo-2021-d1000_1_M00027_00000_000.png
Common Pipistrelle,XC1061307-Metsovo-2021-d1000_1_M00026_00000_000.wav,0,spectograms/XC1061307-Metsovo-2021-d1000_1_M00026_00000_000.png
Common Pipistrelle,XC1061306-Metsovo-2021-d1000_1_M00025_00000_000.wav,0,spectograms/XC1061306-Metsovo-2021-d1000_1_M00025_00000_000.png
Common Pipistrelle,XC1061305-Metsovo-2021-d1000_1_M00024_00000_000.wav,0,spectograms/XC1061305-Metsovo-2021-d1000_1_M00024_00000_000.png
Common Pipistrelle,XC1061304-Metsovo-2021-d1000_1_M00023_00005_000.wav,0,spectograms/XC1061304-Metsovo-2021-d1000_1_M00023_00005_000.png
Common Pipistrelle,XC1061303-Metsovo-2021-d1000_1_M00022_00005_000.wav,0,spectograms/XC1061303-Metsovo-2021-d1000_1_M00022_00005_000.png
Common Pipistrelle,XC1061302-Metsovo-2021-d1000_1_M00021_00005_000.wav,0,spectograms/XC1061302-Metsovo-2021-d1000_1_M00021_00005_000.png
Common Pipistrelle,XC1061301-Metsovo-2021-d1000_1_M00016_00000_000.wav,0,spectograms/XC1061301-Metsovo-2021-d1000_1_M00016_00000_000.png
Common Pipistrelle,XC1061300-Metsovo-2021-d1000_1_M00015_00000_000.wav,0,spectograms/XC1061300-Metsovo-2021-d1000_1_M00015_00000_000.png
Common Pipistrelle,XC1061299-Metsovo-2021-d1000_1_M00013_00000_000.wav,0,spectograms/XC1061299-Metsovo-2021-d1000_1_M00013_00000_000.png
Common Pipistrelle,XC1061298-Metsovo-2021-d1000_1_M00012_00000_000.wav,0,spectograms/XC1061298-Metsovo-2021-d1000_1_M00012_00000_000.png
Common Pipistrelle,XC1061297-Metsovo-2021-d1000_1_M00011_00000_000.wav,0,spectograms/XC1061297-Metsovo-2021-d1000_1_M00011_00000_000.png
Common Pipistrelle,XC1061296-Metsovo-2021-d1000_1_M00010_00000_000.wav,0,spectograms/XC1061296-Metsovo-2021-d1000_1_M00010_00000_000.png
Common Pipistrelle,XC1061295-Metsovo-2021-d1000_1_M00009_00000_000.wav,0,spectograms/XC1061295-Metsovo-2021-d1000_1_M00009_00000_000.png
Common Pipistrelle,XC1061294-Metsovo-2021-d1000_1_M00008_00000_000.wav,0,spectograms/XC1061294-Metsovo-2021-d1000_1_M00008_00000_000.png
Common Pipistrelle,XC1061293-Metsovo-2021-d1000_1_M00007_00000_000.wav,0,spectograms/XC1061293-Metsovo-2021-d1000_1_M00007_00000_000.png
Common Pipistrelle,XC1061292-Metsovo-2021-d1000_1_M00006_00000_000.wav,0,spectograms/XC1061292-Metsovo-2021-d1000_1_M00006_00000_000.png
Common Pipistrelle,XC1061291-Metsovo-2021-d1000_1_M00005_00000_000.wav,0,spectograms/XC1061291-Metsovo-2021-d1000_1_M00005_00000_000.png
Common Pipistrelle,XC1061290-Metsovo-2021-d1000_1_M00004_00000_000.wav,0,spectograms/XC1061290-Metsovo-2021-d1000_1_M00004_00000_000.png
Common Pipistrelle,XC1060621-Pippip-AgApostol_20250710_054220.wav,0,spectograms/XC1060621-Pippip-AgApostol_20250710_054220.png
Common Pipistrelle,XC1060620-Pippip-Raptopoulo_20250711_024250.wav,0,spectograms/XC1060620-Pippip-Raptopoulo_20250711_024250.png
Common Pipistrelle,XC1060619-Pippip-AgApostol_20250710_055150.wav,0,spectograms/XC1060619-Pippip-AgApostol_20250710_055150.png
Common Pipistrelle,XC1060618-Pippip-AgApostol_20250710_053130.wav,0,spectograms/XC1060618-Pippip-AgApostol_20250710_053130.png
Common Pipistrelle,XC1060617-Pippip-AgApostol_20250710_052345.wav,0,spectograms/XC1060617-Pippip-AgApostol_20250710_052345.png
Common Pipistrelle,XC1060616-Pippip-AgApostol_20250710_050115.wav,0,spectograms/XC1060616-Pippip-AgApostol_20250710_050115.png
Common Pipistrelle,XC1060615-Pippip-AgApostol_20250710_003445.wav,0,spectograms/XC1060615-Pippip-AgApostol_20250710_003445.png
Common Pipistrelle,XC1060614-Pippip-AgApostol_20250710_003440.wav,0,spectograms/XC1060614-Pippip-AgApostol_20250710_003440.png
Common Pipistrelle,XC1060613-Pippip-AgApostol_20250710_003335.wav,0,spectograms/XC1060613-Pippip-AgApostol_20250710_003335.png
Common Pipistrelle,XC1060612-Pippip-AgApostol_20250710_003320.wav,0,spectograms/XC1060612-Pippip-AgApostol_20250710_003320.png
Common Pipistrelle,XC1060611-Pippip-AgApostol_20250710_003315.wav,0,spectograms/XC1060611-Pippip-AgApostol_20250710_003315.png
Common Pipistrelle,XC1060610-Pippip-AgApostol_20250710_002120.wav,0,spectograms/XC1060610-Pippip-AgApostol_20250710_002120.png
Common Pipistrelle,XC1060609-Pippip-AgApostol_20250710_002035.wav,0,spectograms/XC1060609-Pippip-AgApostol_20250710_002035.png
Common Pipistrelle,XC1060608-Pippip-AgApostol_20250710_000640.wav,0,spectograms/XC1060608-Pippip-AgApostol_20250710_000640.png
Common Pipistrelle,XC1060607-Pippip-AgApostol_20250709_215235.wav,0,spectograms/XC1060607-Pippip-AgApostol_20250709_215235.png
Common Pipistrelle,XC1053742-Chalandri-Ppip-20240427_223436.wav,0,spectograms/XC1053742-Chalandri-Ppip-20240427_223436.png
Common Pipistrelle,XC1053741-Chalandri-Ppip-20240427_223433.wav,0,spectograms/XC1053741-Chalandri-Ppip-20240427_223433.png
Common Pipistrelle,XC1053740-Chalandri-Ppip-20240427_223412.wav,0,spectograms/XC1053740-Chalandri-Ppip-20240427_223412.png
Common Pipistrelle,XC1053739-Chalandri-Ppip-20240427_223357.wav,0,spectograms/XC1053739-Chalandri-Ppip-20240427_223357.png
Common Pipistrelle,XC1053738-Chalandri-Ppip-20240427_223342.wav,0,spectograms/XC1053738-Chalandri-Ppip-20240427_223342.png
Common Pipistrelle,XC1053737-Chalandri-Ppip-20240427_223051.wav,0,spectograms/XC1053737-Chalandri-Ppip-20240427_223051.png
Common Pipistrelle,XC1053736-Chalandri-Ppip-20240427_223033.wav,0,spectograms/XC1053736-Chalandri-Ppip-20240427_223033.png
Common Pipistrelle,XC1053735-Chalandri-Ppip-20240427_222933.wav,0,spectograms/XC1053735-Chalandri-Ppip-20240427_222933.png
Common Pipistrelle,XC1053734-Chalandri-Ppip-20240427_222909.wav,0,spectograms/XC1053734-Chalandri-Ppip-20240427_222909.png
Common Pipistrelle,XC1053733-Chalandri-Ppip-20240427_222906.wav,0,spectograms/XC1053733-Chalandri-Ppip-20240427_222906.png
Common Pipistrelle,XC1053732-Chalandri-Ppip-20240427_222845.wav,0,spectograms/XC1053732-Chalandri-Ppip-20240427_222845.png
Common Pipistrelle,XC1053731-Chalandri-Ppip-20240427_222842.wav,0,spectograms/XC1053731-Chalandri-Ppip-20240427_222842.png
Common Pipistrelle,XC1053730-Chalandri-Ppip-20240427_222836.wav,0,spectograms/XC1053730-Chalandri-Ppip-20240427_222836.png
Common Pipistrelle,XC1053729-Chalandri-Ppip-20240427_222827.wav,0,spectograms/XC1053729-Chalandri-Ppip-20240427_222827.png
Common Pipistrelle,XC1053728-Chalandri-Ppip-20240427_222414.wav,0,spectograms/XC1053728-Chalandri-Ppip-20240427_222414.png
Common Pipistrelle,XC1053727-Chalandri-Ppip-20240427_221821.wav,0,spectograms/XC1053727-Chalandri-Ppip-20240427_221821.png
Common Pipistrelle,XC1053726-Chalandri-Ppip-20240427_221748.wav,0,spectograms/XC1053726-Chalandri-Ppip-20240427_221748.png
Common Pipistrelle,XC1053725-Chalandri-Ppip-20240427_221601.wav,0,spectograms/XC1053725-Chalandri-Ppip-20240427_221601.png
Common Pipistrelle,XC1053724-Chalandri-Ppip-20240427_221555.wav,0,spectograms/XC1053724-Chalandri-Ppip-20240427_221555.png
Common Pipistrelle,XC1053723-Chalandri-Ppip-20240427_221500.wav,0,spectograms/XC1053723-Chalandri-Ppip-20240427_221500.png
Common Pipistrelle,XC1053722-Chalandri-Ppip-20240427_221454.wav,0,spectograms/XC1053722-Chalandri-Ppip-20240427_221454.png
Common Pipistrelle,XC1053721-Chalandri-Ppip-20240427_221442.wav,0,spectograms/XC1053721-Chalandri-Ppip-20240427_221442.png
Common Pipistrelle,XC1053720-Chalandri-Ppip-20240427_221345.wav,0,spectograms/XC1053720-Chalandri-Ppip-20240427_221345.png
Common Pipistrelle,XC1048213-AgrafaVill_20250707_233550.wav,0,spectograms/XC1048213-AgrafaVill_20250707_233550.png
Common Pipistrelle,XC1048077-26420043_20251014201734.wav,0,spectograms/XC1048077-26420043_20251014201734.png
Common Pipistrelle,XC1036943-26420532_20250908010006.wav,0,spectograms/XC1036943-26420532_20250908010006.png
Common Pipistrelle,XC1036936-26420323_20250907210942.wav,0,spectograms/XC1036936-26420323_20250907210942.png
Common Pipistrelle,XC1036934-26420295_20250907210243.wav,0,spectograms/XC1036934-26420295_20250907210243.png
Common Pipistrelle,"XC1036401-PIPPIP_20250831_211348-Pipisterllis-pipistellus.-UK,-Cornwall,-Helston,-CVaervallack.-Stephan-Risch.wav",0,"spectograms/XC1036401-PIPPIP_20250831_211348-Pipisterllis-pipistellus.-UK,-Cornwall,-Helston,-CVaervallack.-Stephan-Risch.png"
Common Pipistrelle,XC1033650-41620024.wav,0,spectograms/XC1033650-41620024.png
Common Pipistrelle,XC1033649-41620058.wav,0,spectograms/XC1033649-41620058.png
Common Pipistrelle,XC1033642-GD_FB.wav,0,spectograms/XC1033642-GD_FB.png
Common Pipistrelle,XC1033640-41621874.wav,0,spectograms/XC1033640-41621874.png
Common Pipistrelle,XC1033437-41621113_20250827014111.wav,0,spectograms/XC1033437-41621113_20250827014111.png
Common Pipistrelle,XC1033435-41621107_20250827014017.wav,0,spectograms/XC1033435-41621107_20250827014017.png
Common Pipistrelle,XC1031449-20250821_012619.wav,0,spectograms/XC1031449-20250821_012619.png
Common Pipistrelle,XC1031443-20250821_012431.wav,0,spectograms/XC1031443-20250821_012431.png
Common Pipistrelle,XC1031442-20250821_012341.wav,0,spectograms/XC1031442-20250821_012341.png
Common Pipistrelle,XC1031440-20250821_012311.wav,0,spectograms/XC1031440-20250821_012311.png
Common Pipistrelle,XC1031435-20250821_012241.wav,0,spectograms/XC1031435-20250821_012241.png
Common Pipistrelle,XC1031414-41620558.wav,0,spectograms/XC1031414-41620558.png
Common Pipistrelle,XC1031074-GD5.wav,0,spectograms/XC1031074-GD5.png
Common Pipistrelle,XC1029741-26420690_20250816000854.wav,0,spectograms/XC1029741-26420690_20250816000854.png
Common Pipistrelle,XC1029326-PIPPIP_20250812_231939.wav,0,spectograms/XC1029326-PIPPIP_20250812_231939.png
Common Pipistrelle,XC1025529-41620037_20250722233930.wav,0,spectograms/XC1025529-41620037_20250722233930.png
Common Pipistrelle,XC1025253-20250727_211512.wav,0,spectograms/XC1025253-20250727_211512.png
Common Pipistrelle,XC1025164-41620334_20250727005718.wav,0,spectograms/XC1025164-41620334_20250727005718.png
Common Pipistrelle,XC1017412-26420864_20250719002648.wav,0,spectograms/XC1017412-26420864_20250719002648.png
Common Pipistrelle,XC1017109-41621950_20250715041529.wav,0,spectograms/XC1017109-41621950_20250715041529.png
Common Pipistrelle,XC1017108-41621941_20250715041419.wav,0,spectograms/XC1017108-41621941_20250715041419.png
Common Pipistrelle,XC1017107-41621940_20250715041355.wav,0,spectograms/XC1017107-41621940_20250715041355.png
Common Pipistrelle,XC1017104-41621939_20250715041339.wav,0,spectograms/XC1017104-41621939_20250715041339.png
Common Pipistrelle,XC1016899-41621461_20250713043730.wav,0,spectograms/XC1016899-41621461_20250713043730.png
Common Pipistrelle,XC1016898-41621460_20250713043725.wav,0,spectograms/XC1016898-41621460_20250713043725.png
Common Pipistrelle,XC1016897-41621410_20250713042954.wav,0,spectograms/XC1016897-41621410_20250713042954.png
Common Pipistrelle,XC1016857-41621240_20250713003627.wav,0,spectograms/XC1016857-41621240_20250713003627.png
Common Pipistrelle,XC1016856-41620581_20250712230546.wav,0,spectograms/XC1016856-41620581_20250712230546.png
Common Pipistrelle,XC1014674-PIPPIP_20250709_023105.wav,0,spectograms/XC1014674-PIPPIP_20250709_023105.png
Common Pipistrelle,XC1014673-PIPPIP_20250709_022915.wav,0,spectograms/XC1014673-PIPPIP_20250709_022915.png
Common Pipistrelle,XC1013548-NYCNOC_20250708_044921.wav,0,spectograms/XC1013548-NYCNOC_20250708_044921.png
Common Pipistrelle,XC1013543-NYCNOC_20250708_044754.wav,0,spectograms/XC1013543-NYCNOC_20250708_044754.png
Common Pipistrelle,XC1013539-NYCNOC_20250708_044550.wav,0,spectograms/XC1013539-NYCNOC_20250708_044550.png
Common Pipistrelle,XC1013534-NYCLAS_20250708_044532.wav,0,spectograms/XC1013534-NYCLAS_20250708_044532.png
Common Pipistrelle,XC1010902-26420760.wav,0,spectograms/XC1010902-26420760.png
Common Pipistrelle,XC1010898-PIPPIP_20250701_034550.wav,0,spectograms/XC1010898-PIPPIP_20250701_034550.png
Common Pipistrelle,XC1009768-20250627_014253.wav,0,spectograms/XC1009768-20250627_014253.png
Common Pipistrelle,XC1008958-20250624_000537.wav,0,spectograms/XC1008958-20250624_000537.png
Common Pipistrelle,XC1008955-20250624_000238.wav,0,spectograms/XC1008955-20250624_000238.png
Common Pipistrelle,XC1008953-20250624_000005.wav,0,spectograms/XC1008953-20250624_000005.png
Common Pipistrelle,XC1008692-26421062_20250623001525.wav,0,spectograms/XC1008692-26421062_20250623001525.png
Common Pipistrelle,XC1008575-20250608_235418.wav,0,spectograms/XC1008575-20250608_235418.png
Common Pipistrelle,XC1008570-20250608_235348.wav,0,spectograms/XC1008570-20250608_235348.png
Common Pipistrelle,XC1008567-17020252-ppip-met-geluid-meevliegend-jong.wav,0,spectograms/XC1008567-17020252-ppip-met-geluid-meevliegend-jong.png
Common Pipistrelle,XC1008066-PIPPIP_20250620_224203.wav,0,spectograms/XC1008066-PIPPIP_20250620_224203.png
Common Pipistrelle,XC1008065-PIPPIP_20250620_224133.wav,0,spectograms/XC1008065-PIPPIP_20250620_224133.png
Common Pipistrelle,XC1006952-Boaz_GD_social2.wav,0,spectograms/XC1006952-Boaz_GD_social2.png
Common Pipistrelle,XC1006741-Boaz_GD_social.wav,0,spectograms/XC1006741-Boaz_GD_social.png
Common Pipistrelle,XC1006735-20250615_030820.wav,0,spectograms/XC1006735-20250615_030820.png
Common Pipistrelle,XC1006436-PIPPIP_20250614_005603.wav,0,spectograms/XC1006436-PIPPIP_20250614_005603.png
Common Pipistrelle,XC1006433-PIPPIP_20250614_004436.wav,0,spectograms/XC1006433-PIPPIP_20250614_004436.png
Common Pipistrelle,XC1006431-PIPPIP_20250614_004413.wav,0,spectograms/XC1006431-PIPPIP_20250614_004413.png
Common Pipistrelle,XC1006428-PIPPIP_20250614_003559.wav,0,spectograms/XC1006428-PIPPIP_20250614_003559.png
Common Pipistrelle,XC1006424-PIPPIP_20250614_003358.wav,0,spectograms/XC1006424-PIPPIP_20250614_003358.png
Common Pipistrelle,XC1005396-26420539_20250608232306.wav,0,spectograms/XC1005396-26420539_20250608232306.png
Common Pipistrelle,XC1004460-20250604_002810.wav,0,spectograms/XC1004460-20250604_002810.png
Common Pipistrelle,XC1004459-20250604_002609.wav,0,spectograms/XC1004459-20250604_002609.png
Common Pipistrelle,XC1004458-20250604_002409.wav,0,spectograms/XC1004458-20250604_002409.png
Common Pipistrelle,XC1004457-20250604_001708.wav,0,spectograms/XC1004457-20250604_001708.png
Common Pipistrelle,XC1001698-17020104.wav,0,spectograms/XC1001698-17020104.png
Common Pipistrelle,XC1000574-26420739_20250429223457.wav,0,spectograms/XC1000574-26420739_20250429223457.png
Common Pipistrelle,XC984206-pipistrellus_pipistrellus_bialystok_podlaskie_20250330_192602.wav,0,spectograms/XC984206-pipistrellus_pipistrellus_bialystok_podlaskie_20250330_192602.png
Common Pipistrelle,XC963235-26420216.wav,0,spectograms/XC963235-26420216.png
Common Pipistrelle,XC963234-26420215.wav,0,spectograms/XC963234-26420215.png
Common Pipistrelle,XC963233-26420213.wav,0,spectograms/XC963233-26420213.png
Common Pipistrelle,XC933410-20240912_185208.wav,0,spectograms/XC933410-20240912_185208.png
Common Pipistrelle,XC926252-0eaa4626-90a2-489b-b4cb-75da2d728133.wav,0,spectograms/XC926252-0eaa4626-90a2-489b-b4cb-75da2d728133.png
Common Pipistrelle,XC919764-4ca8477e-771f-4520-af3e-374ee1f08834.wav,0,spectograms/XC919764-4ca8477e-771f-4520-af3e-374ee1f08834.png
Common Pipistrelle,XC949744-PIPPIP_M000949.wav,0,spectograms/XC949744-PIPPIP_M000949.png
Common Pipistrelle,XC944524-20240803_023236T.wav,0,spectograms/XC944524-20240803_023236T.png
Common Pipistrelle,XC940536-3d3c2fd6-959d-4612-bf02-7abb5a069ae7.wav,0,spectograms/XC940536-3d3c2fd6-959d-4612-bf02-7abb5a069ae7.png
Common Pipistrelle,XC935296-77a88519-0524-4a0f-a7e0-523b326df4e4.wav,0,spectograms/XC935296-77a88519-0524-4a0f-a7e0-523b326df4e4.png
Common Pipistrelle,XC935114-458cf282-ec2f-4cb8-9a94-5560416db682.wav,0,spectograms/XC935114-458cf282-ec2f-4cb8-9a94-5560416db682.png
Common Pipistrelle,XC935110-5febc55b-312d-475d-8700-7713319af960.wav,0,spectograms/XC935110-5febc55b-312d-475d-8700-7713319af960.png
Common Pipistrelle,XC934344-4f728678-a239-4cdb-9b3e-238390f7989b.wav,0,spectograms/XC934344-4f728678-a239-4cdb-9b3e-238390f7989b.png
Common Pipistrelle,XC934063-PIPPIP_20240915_225022.wav,0,spectograms/XC934063-PIPPIP_20240915_225022.png
Common Pipistrelle,XC933072-3c51514e-76d4-426a-b5ef-d7908d25b4e0.wav,0,spectograms/XC933072-3c51514e-76d4-426a-b5ef-d7908d25b4e0.png
Common Pipistrelle,XC932935-4b9d56d7-d8c3-4e32-a425-956792aec4f5.wav,0,spectograms/XC932935-4b9d56d7-d8c3-4e32-a425-956792aec4f5.png
Common Pipistrelle,XC932495-a1eb7dd7-68d0-462c-a220-d84e1d848d0c.wav,0,spectograms/XC932495-a1eb7dd7-68d0-462c-a220-d84e1d848d0c.png
Common Pipistrelle,XC931826-c2fc6354-0ea3-4c3f-bae9-7f4e436efd6c.wav,0,spectograms/XC931826-c2fc6354-0ea3-4c3f-bae9-7f4e436efd6c.png
Common Pipistrelle,XC930778-a1f96b27-c54b-4d4d-82a3-67910292457f.wav,0,spectograms/XC930778-a1f96b27-c54b-4d4d-82a3-67910292457f.png
Common Pipistrelle,XC930252-aa1df96c-edde-4805-a6a7-c95b5051ccb7.wav,0,spectograms/XC930252-aa1df96c-edde-4805-a6a7-c95b5051ccb7.png
Common Pipistrelle,XC928997-7d19a719-6788-4062-bb01-ba0fc65756f8.wav,0,spectograms/XC928997-7d19a719-6788-4062-bb01-ba0fc65756f8.png
Common Pipistrelle,XC928996-719d6ed8-5078-4de2-bc85-0e4a9450c839.wav,0,spectograms/XC928996-719d6ed8-5078-4de2-bc85-0e4a9450c839.png
Common Pipistrelle,XC928994-963860cf-32a2-475d-970f-3ce206421cc1.wav,0,spectograms/XC928994-963860cf-32a2-475d-970f-3ce206421cc1.png
Common Pipistrelle,XC928550-Pipistrelle-commune.wav,0,spectograms/XC928550-Pipistrelle-commune.png
Common Pipistrelle,XC928509-Pipistrelle-commune-+.wav,0,spectograms/XC928509-Pipistrelle-commune-+.png
Common Pipistrelle,XC926374-f13a0bf4-2541-4037-a50b-509a543e698a.wav,0,spectograms/XC926374-f13a0bf4-2541-4037-a50b-509a543e698a.png
Common Pipistrelle,XC926250-9105e0ed-7057-4d60-a859-cf6e805744d0-(1).wav,0,spectograms/XC926250-9105e0ed-7057-4d60-a859-cf6e805744d0-(1).png
Common Pipistrelle,XC925842-0293e5eb-beee-4205-ba65-774ef3741999.wav,0,spectograms/XC925842-0293e5eb-beee-4205-ba65-774ef3741999.png
Common Pipistrelle,XC925302-596c4e8c-e8d6-4373-8c5a-077fc17bfe35.wav,0,spectograms/XC925302-596c4e8c-e8d6-4373-8c5a-077fc17bfe35.png
Common Pipistrelle,XC922429-7c88e0c5-91e8-4731-adbb-3c2f80c1b827.wav,0,spectograms/XC922429-7c88e0c5-91e8-4731-adbb-3c2f80c1b827.png
Common Pipistrelle,XC922426-74fc8181-dc68-4610-9f6c-eb6aa0f68e15.wav,0,spectograms/XC922426-74fc8181-dc68-4610-9f6c-eb6aa0f68e15.png
Common Pipistrelle,XC922425-8b72a134-3d1b-42d7-9d36-49af5aca8bd4.wav,0,spectograms/XC922425-8b72a134-3d1b-42d7-9d36-49af5aca8bd4.png
Common Pipistrelle,XC921896-b4b7d502-370b-4485-9abe-738b014da809.wav,0,spectograms/XC921896-b4b7d502-370b-4485-9abe-738b014da809.png
Common Pipistrelle,XC921893-7706fa46-8418-4e45-8050-785361fc7067.wav,0,spectograms/XC921893-7706fa46-8418-4e45-8050-785361fc7067.png
Common Pipistrelle,XC921411-20240715_043811.wav,0,spectograms/XC921411-20240715_043811.png
Common Pipistrelle,XC921408-20240713_230158.wav,0,spectograms/XC921408-20240713_230158.png
Common Pipistrelle,XC921407-20240713_230139.wav,0,spectograms/XC921407-20240713_230139.png
Common Pipistrelle,XC921382-20240713_222808.wav,0,spectograms/XC921382-20240713_222808.png
Common Pipistrelle,XC921378-20240713_222634.wav,0,spectograms/XC921378-20240713_222634.png
Common Pipistrelle,XC920862-20240713_232514.wav,0,spectograms/XC920862-20240713_232514.png
Common Pipistrelle,XC920861-20240713_232449.wav,0,spectograms/XC920861-20240713_232449.png
Common Pipistrelle,XC920860-20240713_230721.wav,0,spectograms/XC920860-20240713_230721.png
Common Pipistrelle,XC920859-20240713_230651.wav,0,spectograms/XC920859-20240713_230651.png
Common Pipistrelle,XC920854-20240713_230621.wav,0,spectograms/XC920854-20240713_230621.png
Common Pipistrelle,XC920840-43844f7c-2675-4583-ad0f-0ea0f8b23380.wav,0,spectograms/XC920840-43844f7c-2675-4583-ad0f-0ea0f8b23380.png
Common Pipistrelle,XC919861-29dbc897-5fd5-46c5-8202-dcfdbf6f74e4.wav,0,spectograms/XC919861-29dbc897-5fd5-46c5-8202-dcfdbf6f74e4.png
Common Pipistrelle,XC919860-2217821a-caa1-4e62-a30d-b4185e1ba3d1.wav,0,spectograms/XC919860-2217821a-caa1-4e62-a30d-b4185e1ba3d1.png
Common Pipistrelle,XC919819-d27bdda5-a3c3-4a03-9fe3-e1737f985d6f.wav,0,spectograms/XC919819-d27bdda5-a3c3-4a03-9fe3-e1737f985d6f.png
Common Pipistrelle,XC919818-21f52028-378d-45ee-bb1b-17bf0d1b8ed2.wav,0,spectograms/XC919818-21f52028-378d-45ee-bb1b-17bf0d1b8ed2.png
Common Pipistrelle,XC919780-2b633032-07dd-4fcd-a761-f94e1dcd9b6e.wav,0,spectograms/XC919780-2b633032-07dd-4fcd-a761-f94e1dcd9b6e.png
Common Pipistrelle,XC919772-f4e72af5-06b3-4cba-acf0-b49aa677876e.wav,0,spectograms/XC919772-f4e72af5-06b3-4cba-acf0-b49aa677876e.png
Common Pipistrelle,XC919769-5caddc04-02fb-473c-aad1-d5da3f84e6d2.wav,0,spectograms/XC919769-5caddc04-02fb-473c-aad1-d5da3f84e6d2.png
Common Pipistrelle,XC919758-286bd42e-a738-4593-a73f-a2d0b321e0d0.wav,0,spectograms/XC919758-286bd42e-a738-4593-a73f-a2d0b321e0d0.png
Common Pipistrelle,XC919755-529f5e47-4a7b-434a-a6c9-9367ccd5ee45.wav,0,spectograms/XC919755-529f5e47-4a7b-434a-a6c9-9367ccd5ee45.png
Common Pipistrelle,XC919727-6179cd26-1887-498f-a1c9-f422c33ea550.wav,0,spectograms/XC919727-6179cd26-1887-498f-a1c9-f422c33ea550.png
Common Pipistrelle,XC919724-62b06a31-ddbc-404c-b789-beb78e88b4b6.wav,0,spectograms/XC919724-62b06a31-ddbc-404c-b789-beb78e88b4b6.png
Common Pipistrelle,XC919720-12f43403-a338-456b-805c-4aa1e0d1b119.wav,0,spectograms/XC919720-12f43403-a338-456b-805c-4aa1e0d1b119.png
Common Pipistrelle,XC919716-7de21e3e-6278-4433-9221-369a1cde7b7a.wav,0,spectograms/XC919716-7de21e3e-6278-4433-9221-369a1cde7b7a.png
Common Pipistrelle,XC918948-f4e1e29a-de4d-41b5-9d27-22083368177e.wav,0,spectograms/XC918948-f4e1e29a-de4d-41b5-9d27-22083368177e.png
Common Pipistrelle,XC918945-73f07e2c-ca5e-4399-b17e-35000cef8d71.wav,0,spectograms/XC918945-73f07e2c-ca5e-4399-b17e-35000cef8d71.png
Common Pipistrelle,XC918943-6790d24e-3d4c-4fca-ab61-b598c7695254.wav,0,spectograms/XC918943-6790d24e-3d4c-4fca-ab61-b598c7695254.png
Common Pipistrelle,XC918931-e8c665c7-eaf7-490b-861b-b85546a0e489.wav,0,spectograms/XC918931-e8c665c7-eaf7-490b-861b-b85546a0e489.png
Common Pipistrelle,XC918925-fdd2cd06-f03c-4c12-ba5e-8c930373fe0f.wav,0,spectograms/XC918925-fdd2cd06-f03c-4c12-ba5e-8c930373fe0f.png
Common Pipistrelle,XC918814-b69f5b85-ab84-486e-aeab-ac465a3814b7.wav,0,spectograms/XC918814-b69f5b85-ab84-486e-aeab-ac465a3814b7.png
Common Pipistrelle,XC918813-4fff6932-cb12-460f-ad13-218968984021.wav,0,spectograms/XC918813-4fff6932-cb12-460f-ad13-218968984021.png
Common Pipistrelle,XC918812-02db2424-50a6-4391-967c-1616e4fd58ed.wav,0,spectograms/XC918812-02db2424-50a6-4391-967c-1616e4fd58ed.png
Common Pipistrelle,XC918811-eb9fb547-8f0b-44b3-a1b1-29eddcd78529.wav,0,spectograms/XC918811-eb9fb547-8f0b-44b3-a1b1-29eddcd78529.png
Common Pipistrelle,XC918799-ea65e9b9-a5af-45f5-abe1-4fe66e1ad723.wav,0,spectograms/XC918799-ea65e9b9-a5af-45f5-abe1-4fe66e1ad723.png
Common Pipistrelle,XC918797-725a13e3-a112-4281-ad0d-fd6591222152.wav,0,spectograms/XC918797-725a13e3-a112-4281-ad0d-fd6591222152.png
Common Pipistrelle,XC918794-78cdcd02-35a0-4b90-9882-12272f9eb4ed.wav,0,spectograms/XC918794-78cdcd02-35a0-4b90-9882-12272f9eb4ed.png
Common Pipistrelle,XC918793-62c1cd8d-4fd9-485a-add4-53196d702880.wav,0,spectograms/XC918793-62c1cd8d-4fd9-485a-add4-53196d702880.png
Common Pipistrelle,XC918791-2a42973a-39f2-4492-9cf4-489cd305ac21.wav,0,spectograms/XC918791-2a42973a-39f2-4492-9cf4-489cd305ac21.png
Common Pipistrelle,XC918760-8d15a928-d51f-46d2-99d3-6aeed159c297.wav,0,spectograms/XC918760-8d15a928-d51f-46d2-99d3-6aeed159c297.png
Common Pipistrelle,XC918396-PIPPIP_20240621_003733.wav,0,spectograms/XC918396-PIPPIP_20240621_003733.png
Kuhl's Pipistrelle,"XC1062209-Pardi-5Nov09-01-P.han,-H.savii;,-T.-ten_0_00019_999.wav",4,"spectograms/XC1062209-Pardi-5Nov09-01-P.han,-H.savii;,-T.-ten_0_00019_999.png"
Kuhl's Pipistrelle,"XC1062208-Pardi-5Nov09-01-P.han,-H.savii;,-T.-ten_0_00015_000.wav",4,"spectograms/XC1062208-Pardi-5Nov09-01-P.han,-H.savii;,-T.-ten_0_00015_000.png"
Kuhl's Pipistrelle,"XC1062207-Pardi-5Nov09-01-P.han,-H.savii;,-T.-ten_0_00010_000.wav",4,"spectograms/XC1062207-Pardi-5Nov09-01-P.han,-H.savii;,-T.-ten_0_00010_000.png"
Kuhl's Pipistrelle,XC1062171-Mylones-nets-04Oct09-18_1_00010_000.wav,4,spectograms/XC1062171-Mylones-nets-04Oct09-18_1_00010_000.png
Kuhl's Pipistrelle,"XC1062156-Vavouledo-26Oct10-07-H.s_P.k,-P.-han,-P.pyg_M.sch,-T.-ten_1_00000_000.wav",4,"spectograms/XC1062156-Vavouledo-26Oct10-07-H.s_P.k,-P.-han,-P.pyg_M.sch,-T.-ten_1_00000_000.png"
Kuhl's Pipistrelle,XC1062131-Sasalo-stream-01Oct10-30_0_00010_000.wav,4,spectograms/XC1062131-Sasalo-stream-01Oct10-30_0_00010_000.png
Kuhl's Pipistrelle,XC1062130-Sasalo-stream-01Oct10-30_0_00000_000.wav,4,spectograms/XC1062130-Sasalo-stream-01Oct10-30_0_00000_000.png
Kuhl's Pipistrelle,XC1062128-Sasalo-stream-01Oct10-29_0_00024_999.wav,4,spectograms/XC1062128-Sasalo-stream-01Oct10-29_0_00024_999.png
Kuhl's Pipistrelle,XC1062127-Sasalo-stream-01Oct10-29_0_00019_999.wav,4,spectograms/XC1062127-Sasalo-stream-01Oct10-29_0_00019_999.png
Kuhl's Pipistrelle,XC1062126-Sasalo-stream-01Oct10-29_0_00015_000.wav,4,spectograms/XC1062126-Sasalo-stream-01Oct10-29_0_00015_000.png
Kuhl's Pipistrelle,XC1062113-Papadiana-ford-07Oct09-15-P.-kuhlii;_1_00005_000.wav,4,spectograms/XC1062113-Papadiana-ford-07Oct09-15-P.-kuhlii;_1_00005_000.png
Kuhl's Pipistrelle,XC1062112-Papadiana-ford-07Oct09-15-P.-kuhlii;_1_00000_000.wav,4,spectograms/XC1062112-Papadiana-ford-07Oct09-15-P.-kuhlii;_1_00000_000.png
Kuhl's Pipistrelle,"XC1062111-Papadiana-ford-07Oct09-14-P.kuh-(+-s.calls),-P.han_1_00034_999.wav",4,"spectograms/XC1062111-Papadiana-ford-07Oct09-14-P.kuh-(+-s.calls),-P.han_1_00034_999.png"
Kuhl's Pipistrelle,"XC1062110-Papadiana-ford-07Oct09-14-P.kuh-(+-s.calls),-P.han_1_00029_999.wav",4,"spectograms/XC1062110-Papadiana-ford-07Oct09-14-P.kuh-(+-s.calls),-P.han_1_00029_999.png"
Kuhl's Pipistrelle,"XC1062109-Papadiana-ford-07Oct09-14-P.kuh-(+-s.calls),-P.han_1_00019_999.wav",4,"spectograms/XC1062109-Papadiana-ford-07Oct09-14-P.kuh-(+-s.calls),-P.han_1_00019_999.png"
Kuhl's Pipistrelle,"XC1062108-Papadiana-ford-07Oct09-14-P.kuh-(+-s.calls),-P.han_1_00010_000.wav",4,"spectograms/XC1062108-Papadiana-ford-07Oct09-14-P.kuh-(+-s.calls),-P.han_1_00010_000.png"
Kuhl's Pipistrelle,XC1062087-Kefala-to-Sempronas-28Sept10-17_1_00024_999.wav,4,spectograms/XC1062087-Kefala-to-Sempronas-28Sept10-17_1_00024_999.png
Kuhl's Pipistrelle,XC1062086-Kefala-to-Sempronas-28Sept10-17_1_00019_999.wav,4,spectograms/XC1062086-Kefala-to-Sempronas-28Sept10-17_1_00019_999.png
Kuhl's Pipistrelle,XC1062085-Kefala-to-Sempronas-28Sept10-17_1_00010_000.wav,4,spectograms/XC1062085-Kefala-to-Sempronas-28Sept10-17_1_00010_000.png
Kuhl's Pipistrelle,XC1062084-Kefala-to-Sempronas-28Sept10-17_1_00000_000.wav,4,spectograms/XC1062084-Kefala-to-Sempronas-28Sept10-17_1_00000_000.png
Kuhl's Pipistrelle,XC1062083-Kefala-to-Sempronas-28Sept10-15_1_00015_000.wav,4,spectograms/XC1062083-Kefala-to-Sempronas-28Sept10-15_1_00015_000.png
Kuhl's Pipistrelle,XC1062082-Kefala-to-Sempronas-28Sept10-15_1_00010_000.wav,4,spectograms/XC1062082-Kefala-to-Sempronas-28Sept10-15_1_00010_000.png
Kuhl's Pipistrelle,XC1061289-Latzimas-area-22Aug13-(6)_0_00024_999.wav,4,spectograms/XC1061289-Latzimas-area-22Aug13-(6)_0_00024_999.png
Kuhl's Pipistrelle,XC1061288-Latzimas-area-22Aug13-(6)_0_00019_999.wav,4,spectograms/XC1061288-Latzimas-area-22Aug13-(6)_0_00019_999.png
Kuhl's Pipistrelle,XC1061287-Latzimas-area-22Aug13-(6)_0_00000_000.wav,4,spectograms/XC1061287-Latzimas-area-22Aug13-(6)_0_00000_000.png
Kuhl's Pipistrelle,XC1061286-Latzimas-area-22Aug13-(5)_0_00034_999.wav,4,spectograms/XC1061286-Latzimas-area-22Aug13-(5)_0_00034_999.png
Kuhl's Pipistrelle,XC1061285-Latzimas-area-22Aug13-(5)_0_00029_999.wav,4,spectograms/XC1061285-Latzimas-area-22Aug13-(5)_0_00029_999.png
Kuhl's Pipistrelle,XC1061284-Latzimas-area-22Aug13-(5)_0_00010_000.wav,4,spectograms/XC1061284-Latzimas-area-22Aug13-(5)_0_00010_000.png
Kuhl's Pipistrelle,XC1061283-Latzimas-area-22Aug13-(4)_0_00034_999.wav,4,spectograms/XC1061283-Latzimas-area-22Aug13-(4)_0_00034_999.png
Kuhl's Pipistrelle,XC1061282-Latzimas-area-22Aug13-(4)_0_00029_999.wav,4,spectograms/XC1061282-Latzimas-area-22Aug13-(4)_0_00029_999.png
Kuhl's Pipistrelle,XC1061281-Latzimas-area-22Aug13-(4)_0_00000_000.wav,4,spectograms/XC1061281-Latzimas-area-22Aug13-(4)_0_00000_000.png
Kuhl's Pipistrelle,XC1061280-Latzimas-area-22Aug13-(3)_1_00034_999.wav,4,spectograms/XC1061280-Latzimas-area-22Aug13-(3)_1_00034_999.png
Kuhl's Pipistrelle,XC1061279-Latzimas-area-22Aug13-(3)_0_00034_999.wav,4,spectograms/XC1061279-Latzimas-area-22Aug13-(3)_0_00034_999.png
Kuhl's Pipistrelle,XC1061278-Latzimas-area-22Aug13-(3)_0_00024_999.wav,4,spectograms/XC1061278-Latzimas-area-22Aug13-(3)_0_00024_999.png
Kuhl's Pipistrelle,XC1061277-Latzimas-area-22Aug13-(1)_0_00010_000.wav,4,spectograms/XC1061277-Latzimas-area-22Aug13-(1)_0_00010_000.png
Kuhl's Pipistrelle,XC1061276-Latzimas-area-03Oct13-(5)_1_00010_000.wav,4,spectograms/XC1061276-Latzimas-area-03Oct13-(5)_1_00010_000.png
Kuhl's Pipistrelle,XC1061272-Fantaxospiliara-emergence-22Aug13-(7)_0_00019_999.wav,4,spectograms/XC1061272-Fantaxospiliara-emergence-22Aug13-(7)_0_00019_999.png
Kuhl's Pipistrelle,XC1060674-Pipkuh-Paparitsa-June2022--M01710.wav,4,spectograms/XC1060674-Pipkuh-Paparitsa-June2022--M01710.png
Kuhl's Pipistrelle,XC1060673-Pipkuh-Paparitsa-June2022--M01671.wav,4,spectograms/XC1060673-Pipkuh-Paparitsa-June2022--M01671.png
Kuhl's Pipistrelle,XC1060672-Pipkuh-Paparitsa-June2022--M01451.wav,4,spectograms/XC1060672-Pipkuh-Paparitsa-June2022--M01451.png
Kuhl's Pipistrelle,XC1060671-Pipkuh-Paparitsa-June2022--M01160.wav,4,spectograms/XC1060671-Pipkuh-Paparitsa-June2022--M01160.png
Kuhl's Pipistrelle,XC1060670-Pipkuh-Paparitsa-June2022--M01062.wav,4,spectograms/XC1060670-Pipkuh-Paparitsa-June2022--M01062.png
Kuhl's Pipistrelle,XC1060669-Pipkuh-Paparitsa-June2022--M01061.wav,4,spectograms/XC1060669-Pipkuh-Paparitsa-June2022--M01061.png
Kuhl's Pipistrelle,XC1060668-Pipkuh-Paparitsa-June2022--M01022.wav,4,spectograms/XC1060668-Pipkuh-Paparitsa-June2022--M01022.png
Kuhl's Pipistrelle,XC1060667-Pipkuh-Paparitsa-June2022--M01021.wav,4,spectograms/XC1060667-Pipkuh-Paparitsa-June2022--M01021.png
Kuhl's Pipistrelle,XC1060666-Pipkuh-Paparitsa-June2022--M01006.wav,4,spectograms/XC1060666-Pipkuh-Paparitsa-June2022--M01006.png
Kuhl's Pipistrelle,XC1060665-Pipkuh-Paparitsa-June2022--M00974.wav,4,spectograms/XC1060665-Pipkuh-Paparitsa-June2022--M00974.png
Kuhl's Pipistrelle,XC1060664-Pipkuh-Paparitsa-June2022--M00948.wav,4,spectograms/XC1060664-Pipkuh-Paparitsa-June2022--M00948.png
Kuhl's Pipistrelle,XC1060663-Pipkuh-Paparitsa-June2022--M00947.wav,4,spectograms/XC1060663-Pipkuh-Paparitsa-June2022--M00947.png
Kuhl's Pipistrelle,XC1060662-Pipkuh-Paparitsa-June2022--M00938.wav,4,spectograms/XC1060662-Pipkuh-Paparitsa-June2022--M00938.png
Kuhl's Pipistrelle,XC1060661-Pipkuh-Paparitsa-June2022--M00926.wav,4,spectograms/XC1060661-Pipkuh-Paparitsa-June2022--M00926.png
Kuhl's Pipistrelle,XC1060660-Pipkuh-Paparitsa-June2022--M00912.wav,4,spectograms/XC1060660-Pipkuh-Paparitsa-June2022--M00912.png
Kuhl's Pipistrelle,XC1060659-Pipkuh-Paparitsa-June2022--M00911.wav,4,spectograms/XC1060659-Pipkuh-Paparitsa-June2022--M00911.png
Kuhl's Pipistrelle,XC1060658-Pipkuh-Paparitsa-June2022--M00899.wav,4,spectograms/XC1060658-Pipkuh-Paparitsa-June2022--M00899.png
Kuhl's Pipistrelle,XC1060657-Pipkuh-Paparitsa-June2022--M00888.wav,4,spectograms/XC1060657-Pipkuh-Paparitsa-June2022--M00888.png
Kuhl's Pipistrelle,XC1060656-Pipkuh-Paparitsa-June2022--M00887.wav,4,spectograms/XC1060656-Pipkuh-Paparitsa-June2022--M00887.png
Kuhl's Pipistrelle,XC1060655-Pipkuh-Paparitsa-June2022--M00822.wav,4,spectograms/XC1060655-Pipkuh-Paparitsa-June2022--M00822.png
Kuhl's Pipistrelle,XC1060654-Pipkuh-Paparitsa-June2022--M00790.wav,4,spectograms/XC1060654-Pipkuh-Paparitsa-June2022--M00790.png
Kuhl's Pipistrelle,XC1060606-Pipkuh-AgApostol_20250709_225200.wav,4,spectograms/XC1060606-Pipkuh-AgApostol_20250709_225200.png
Kuhl's Pipistrelle,XC1060605-Pipkuh-AgApostol_20250709_225125.wav,4,spectograms/XC1060605-Pipkuh-AgApostol_20250709_225125.png
Kuhl's Pipistrelle,XC1060604-Pipkuh-AgApostol_20250709_213425.wav,4,spectograms/XC1060604-Pipkuh-AgApostol_20250709_213425.png
Kuhl's Pipistrelle,XC1060603-Pipkuh-AgApostol_20250709_212910.wav,4,spectograms/XC1060603-Pipkuh-AgApostol_20250709_212910.png
Kuhl's Pipistrelle,XC1060602-Pipkuh-AgApostol_20250710_012450.wav,4,spectograms/XC1060602-Pipkuh-AgApostol_20250710_012450.png
Kuhl's Pipistrelle,XC1060601-Pipkuh-AgApostol_20250710_012440.wav,4,spectograms/XC1060601-Pipkuh-AgApostol_20250710_012440.png
Kuhl's Pipistrelle,XC1060600-Pipkuh-AgApostol_20250710_002800.wav,4,spectograms/XC1060600-Pipkuh-AgApostol_20250710_002800.png
Kuhl's Pipistrelle,XC1060599-Pipkuh-AgApostol_20250710_002745.wav,4,spectograms/XC1060599-Pipkuh-AgApostol_20250710_002745.png
Kuhl's Pipistrelle,XC1060598-Pipkuh-AgApostol_20250709_233230.wav,4,spectograms/XC1060598-Pipkuh-AgApostol_20250709_233230.png
Kuhl's Pipistrelle,XC1060597-Pipkuh-AgApostol_20250709_231510.wav,4,spectograms/XC1060597-Pipkuh-AgApostol_20250709_231510.png
Kuhl's Pipistrelle,XC1060596-Pipkuh-AgApostol_20250709_225040.wav,4,spectograms/XC1060596-Pipkuh-AgApostol_20250709_225040.png
Kuhl's Pipistrelle,XC1060595-Pipkuh-AgApostol_20250709_224945.wav,4,spectograms/XC1060595-Pipkuh-AgApostol_20250709_224945.png
Kuhl's Pipistrelle,XC1060594-Pipkuh-AgApostol_20250709_222410.wav,4,spectograms/XC1060594-Pipkuh-AgApostol_20250709_222410.png
Kuhl's Pipistrelle,XC1060593-Pipkuh-AgApostol_20250709_222335.wav,4,spectograms/XC1060593-Pipkuh-AgApostol_20250709_222335.png
Kuhl's Pipistrelle,XC1060592-Pipkuh-AgApostol_20250709_222320.wav,4,spectograms/XC1060592-Pipkuh-AgApostol_20250709_222320.png
Kuhl's Pipistrelle,XC1060591-Pipkuh-AgApostol_20250709_221715.wav,4,spectograms/XC1060591-Pipkuh-AgApostol_20250709_221715.png
Kuhl's Pipistrelle,XC1060590-Pipkuh-AgApostol_20250709_221700.wav,4,spectograms/XC1060590-Pipkuh-AgApostol_20250709_221700.png
Kuhl's Pipistrelle,XC1060589-Pipkuh-AgApostol_20250709_221605.wav,4,spectograms/XC1060589-Pipkuh-AgApostol_20250709_221605.png
Kuhl's Pipistrelle,XC1060588-Pipkuh-AgApostol_20250709_221600.wav,4,spectograms/XC1060588-Pipkuh-AgApostol_20250709_221600.png
Kuhl's Pipistrelle,XC1060587-Pipkuh-AgApostol_20250709_221415.wav,4,spectograms/XC1060587-Pipkuh-AgApostol_20250709_221415.png
Kuhl's Pipistrelle,XC1060586-Pipkuh-AgApostol_20250709_220850.wav,4,spectograms/XC1060586-Pipkuh-AgApostol_20250709_220850.png
Kuhl's Pipistrelle,XC1060585-Pipkuh-AgApostol_20250709_220840.wav,4,spectograms/XC1060585-Pipkuh-AgApostol_20250709_220840.png
Kuhl's Pipistrelle,XC1060584-Pipkuh-AgApostol_20250709_220745.wav,4,spectograms/XC1060584-Pipkuh-AgApostol_20250709_220745.png
Kuhl's Pipistrelle,XC1060583-Pipkuh-AgApostol_20250709_213345.wav,4,spectograms/XC1060583-Pipkuh-AgApostol_20250709_213345.png
Kuhl's Pipistrelle,XC1060549-Pipkuh-Karydi-Cypress-20210730_005040.wav,4,spectograms/XC1060549-Pipkuh-Karydi-Cypress-20210730_005040.png
Kuhl's Pipistrelle,XC1060548-Pipkuh-Karydi-Cypress-20210730_004810.wav,4,spectograms/XC1060548-Pipkuh-Karydi-Cypress-20210730_004810.png
Kuhl's Pipistrelle,XC1060547-Pipkuh-Karydi-Cypress-20210730_004535.wav,4,spectograms/XC1060547-Pipkuh-Karydi-Cypress-20210730_004535.png
Kuhl's Pipistrelle,XC1060546-Pipkuh-Karydi-Cypress-20210729_233725.wav,4,spectograms/XC1060546-Pipkuh-Karydi-Cypress-20210729_233725.png
Kuhl's Pipistrelle,XC1060545-Pipkuh-Karydi-Cypress-20210729_000440.wav,4,spectograms/XC1060545-Pipkuh-Karydi-Cypress-20210729_000440.png
Kuhl's Pipistrelle,XC1060544-Pipkuh-Karydi-Cypress-20210805_233835.wav,4,spectograms/XC1060544-Pipkuh-Karydi-Cypress-20210805_233835.png
Kuhl's Pipistrelle,XC1060543-Pipkuh-Karydi-Cypress-20210805_233715.wav,4,spectograms/XC1060543-Pipkuh-Karydi-Cypress-20210805_233715.png
Kuhl's Pipistrelle,XC1060542-Pipkuh-Karydi-Cypress-20210805_233445.wav,4,spectograms/XC1060542-Pipkuh-Karydi-Cypress-20210805_233445.png
Kuhl's Pipistrelle,XC1060541-Pipkuh-Karydi-Cypress-20210805_233310.wav,4,spectograms/XC1060541-Pipkuh-Karydi-Cypress-20210805_233310.png
Kuhl's Pipistrelle,XC1060540-Pipkuh-Karydi-Cypress-20210805_233235.wav,4,spectograms/XC1060540-Pipkuh-Karydi-Cypress-20210805_233235.png
Kuhl's Pipistrelle,XC1060539-Pipkuh-Karydi-Cypress-20210805_231035.wav,4,spectograms/XC1060539-Pipkuh-Karydi-Cypress-20210805_231035.png
Kuhl's Pipistrelle,XC1060538-Pipkuh-Karydi-Cypress-20210805_231005.wav,4,spectograms/XC1060538-Pipkuh-Karydi-Cypress-20210805_231005.png
Kuhl's Pipistrelle,XC1060537-Pipkuh-Karydi-Cypress-20210805_230925.wav,4,spectograms/XC1060537-Pipkuh-Karydi-Cypress-20210805_230925.png
Kuhl's Pipistrelle,XC1060536-Pipkuh-Karydi-Cypress-20210805_230515.wav,4,spectograms/XC1060536-Pipkuh-Karydi-Cypress-20210805_230515.png
Kuhl's Pipistrelle,XC1060535-Pipkuh-Karydi-Cypress-20210805_230450.wav,4,spectograms/XC1060535-Pipkuh-Karydi-Cypress-20210805_230450.png
Kuhl's Pipistrelle,XC1060534-Pipkuh-Karydi-Cypress-20210805_005435.wav,4,spectograms/XC1060534-Pipkuh-Karydi-Cypress-20210805_005435.png
Kuhl's Pipistrelle,XC1060533-Pipkuh-Karydi-Cypress-20210805_005335.wav,4,spectograms/XC1060533-Pipkuh-Karydi-Cypress-20210805_005335.png
Kuhl's Pipistrelle,XC1060532-Pipkuh-Karydi-Cypress-20210805_005325.wav,4,spectograms/XC1060532-Pipkuh-Karydi-Cypress-20210805_005325.png
Kuhl's Pipistrelle,XC1060531-Pipkuh-Karydi-Cypress-20210805_005015.wav,4,spectograms/XC1060531-Pipkuh-Karydi-Cypress-20210805_005015.png
Kuhl's Pipistrelle,XC1060530-Pipkuh-Karydi-Cypress-20210805_004845.wav,4,spectograms/XC1060530-Pipkuh-Karydi-Cypress-20210805_004845.png
Kuhl's Pipistrelle,XC1060529-Pipkuh-Karydi-Cypress-20210805_003925.wav,4,spectograms/XC1060529-Pipkuh-Karydi-Cypress-20210805_003925.png
Kuhl's Pipistrelle,XC1060528-Pipkuh-Karydi-Cypress-20210805_003700.wav,4,spectograms/XC1060528-Pipkuh-Karydi-Cypress-20210805_003700.png
Kuhl's Pipistrelle,XC1060527-Pipkuh-Karydi-Cypress-20210804_235050.wav,4,spectograms/XC1060527-Pipkuh-Karydi-Cypress-20210804_235050.png
Kuhl's Pipistrelle,XC1060526-Pipkuh-Karydi-Cypress-20210804_234930.wav,4,spectograms/XC1060526-Pipkuh-Karydi-Cypress-20210804_234930.png
Kuhl's Pipistrelle,XC1060525-Pipkuh-Karydi-Cypress-20210804_234850.wav,4,spectograms/XC1060525-Pipkuh-Karydi-Cypress-20210804_234850.png
Kuhl's Pipistrelle,XC1060524-Pipkuh-Karydi-Cypress-20210804_234745.wav,4,spectograms/XC1060524-Pipkuh-Karydi-Cypress-20210804_234745.png
Kuhl's Pipistrelle,XC1060523-Pipkuh-Karydi-Cypress-20210804_234115.wav,4,spectograms/XC1060523-Pipkuh-Karydi-Cypress-20210804_234115.png
Kuhl's Pipistrelle,XC1060522-Pipkuh-Karydi-Cypress-20210804_233405.wav,4,spectograms/XC1060522-Pipkuh-Karydi-Cypress-20210804_233405.png
Kuhl's Pipistrelle,XC1060521-Pipkuh-Karydi-Cypress-20210804_232505.wav,4,spectograms/XC1060521-Pipkuh-Karydi-Cypress-20210804_232505.png
Kuhl's Pipistrelle,XC1060520-Pipkuh-Karydi-Cypress-20210804_232420.wav,4,spectograms/XC1060520-Pipkuh-Karydi-Cypress-20210804_232420.png
Kuhl's Pipistrelle,XC1060519-Pipkuh-Karydi-Cypress-20210804_231900.wav,4,spectograms/XC1060519-Pipkuh-Karydi-Cypress-20210804_231900.png
Kuhl's Pipistrelle,XC1060518-Pipkuh-Karydi-Cypress-20210804_231820.wav,4,spectograms/XC1060518-Pipkuh-Karydi-Cypress-20210804_231820.png
Kuhl's Pipistrelle,XC1060517-Pipkuh-Karydi-Cypress-20210804_231410.wav,4,spectograms/XC1060517-Pipkuh-Karydi-Cypress-20210804_231410.png
Kuhl's Pipistrelle,XC1060516-Pipkuh-Karydi-Cypress-20210804_230935.wav,4,spectograms/XC1060516-Pipkuh-Karydi-Cypress-20210804_230935.png
Kuhl's Pipistrelle,XC1060515-Pipkuh-Karydi-Cypress-20210802_003605.wav,4,spectograms/XC1060515-Pipkuh-Karydi-Cypress-20210802_003605.png
Kuhl's Pipistrelle,XC1060514-Pipkuh-Karydi-Cypress-20210802_003535.wav,4,spectograms/XC1060514-Pipkuh-Karydi-Cypress-20210802_003535.png
Kuhl's Pipistrelle,XC1060513-Pipkuh-Karydi-Cypress-20210802_002900.wav,4,spectograms/XC1060513-Pipkuh-Karydi-Cypress-20210802_002900.png
Kuhl's Pipistrelle,XC1060512-Pipkuh-Karydi-Cypress-20210802_002725.wav,4,spectograms/XC1060512-Pipkuh-Karydi-Cypress-20210802_002725.png
Kuhl's Pipistrelle,XC1060511-Pipkuh-Karydi-Cypress-20210802_001650.wav,4,spectograms/XC1060511-Pipkuh-Karydi-Cypress-20210802_001650.png
Kuhl's Pipistrelle,XC1060510-Pipkuh-Karydi-Cypress-20210802_000415.wav,4,spectograms/XC1060510-Pipkuh-Karydi-Cypress-20210802_000415.png
Kuhl's Pipistrelle,XC1060509-Pipkuh-Karydi-Cypress-20210802_000255.wav,4,spectograms/XC1060509-Pipkuh-Karydi-Cypress-20210802_000255.png
Kuhl's Pipistrelle,XC1060508-Pipkuh-Karydi-Cypress-20210802_000105.wav,4,spectograms/XC1060508-Pipkuh-Karydi-Cypress-20210802_000105.png
Kuhl's Pipistrelle,XC1060507-Pipkuh-Karydi-Cypress-20210801_235740.wav,4,spectograms/XC1060507-Pipkuh-Karydi-Cypress-20210801_235740.png
Kuhl's Pipistrelle,XC1060506-Pipkuh-Karydi-Cypress-20210801_235610.wav,4,spectograms/XC1060506-Pipkuh-Karydi-Cypress-20210801_235610.png
Kuhl's Pipistrelle,XC1060505-Pipkuh-Karydi-Cypress-20210801_235520.wav,4,spectograms/XC1060505-Pipkuh-Karydi-Cypress-20210801_235520.png
Kuhl's Pipistrelle,XC1060504-Pipkuh-Karydi-Cypress-20210801_233840.wav,4,spectograms/XC1060504-Pipkuh-Karydi-Cypress-20210801_233840.png
Kuhl's Pipistrelle,XC1060503-Pipkuh-Karydi-Cypress-20210801_230820.wav,4,spectograms/XC1060503-Pipkuh-Karydi-Cypress-20210801_230820.png
Kuhl's Pipistrelle,XC1060502-Pipkuh-Karydi-Cypress-20210801_005140.wav,4,spectograms/XC1060502-Pipkuh-Karydi-Cypress-20210801_005140.png
Kuhl's Pipistrelle,XC1060501-Pipkuh-Karydi-Cypress-20210801_005125.wav,4,spectograms/XC1060501-Pipkuh-Karydi-Cypress-20210801_005125.png
Kuhl's Pipistrelle,XC1060500-Pipkuh-Karydi-Cypress-20210801_005050.wav,4,spectograms/XC1060500-Pipkuh-Karydi-Cypress-20210801_005050.png
Kuhl's Pipistrelle,XC1060499-Pipkuh-Karydi-Cypress-20210801_004935.wav,4,spectograms/XC1060499-Pipkuh-Karydi-Cypress-20210801_004935.png
Kuhl's Pipistrelle,XC1060498-Pipkuh-Karydi-Cypress-20210801_004915.wav,4,spectograms/XC1060498-Pipkuh-Karydi-Cypress-20210801_004915.png
Kuhl's Pipistrelle,XC1060497-Pipkuh-Karydi-Cypress-20210801_004905.wav,4,spectograms/XC1060497-Pipkuh-Karydi-Cypress-20210801_004905.png
Kuhl's Pipistrelle,XC1060496-Pipkuh-Karydi-Cypress-20210801_004850.wav,4,spectograms/XC1060496-Pipkuh-Karydi-Cypress-20210801_004850.png
Kuhl's Pipistrelle,XC1060495-Pipkuh-Karydi-Cypress-20210801_004830.wav,4,spectograms/XC1060495-Pipkuh-Karydi-Cypress-20210801_004830.png
Kuhl's Pipistrelle,XC1060494-Pipkuh-Karydi-Cypress-20210801_004810.wav,4,spectograms/XC1060494-Pipkuh-Karydi-Cypress-20210801_004810.png
Kuhl's Pipistrelle,XC1060493-Pipkuh-Karydi-Cypress-20210801_004640.wav,4,spectograms/XC1060493-Pipkuh-Karydi-Cypress-20210801_004640.png
Kuhl's Pipistrelle,XC1060492-Pipkuh-Karydi-Cypress-20210801_004635.wav,4,spectograms/XC1060492-Pipkuh-Karydi-Cypress-20210801_004635.png
Kuhl's Pipistrelle,XC1060491-Pipkuh-Karydi-Cypress-20210801_004620.wav,4,spectograms/XC1060491-Pipkuh-Karydi-Cypress-20210801_004620.png
Kuhl's Pipistrelle,XC1060490-Pipkuh-Karydi-Cypress-20210801_004550.wav,4,spectograms/XC1060490-Pipkuh-Karydi-Cypress-20210801_004550.png
Kuhl's Pipistrelle,XC1060489-Pipkuh-Karydi-Cypress-20210731_005920.wav,4,spectograms/XC1060489-Pipkuh-Karydi-Cypress-20210731_005920.png
Kuhl's Pipistrelle,XC1060488-Pipkuh-Karydi-Cypress-20210731_005830.wav,4,spectograms/XC1060488-Pipkuh-Karydi-Cypress-20210731_005830.png
Kuhl's Pipistrelle,XC1060487-Pipkuh-Karydi-Cypress-20210731_003200.wav,4,spectograms/XC1060487-Pipkuh-Karydi-Cypress-20210731_003200.png
Kuhl's Pipistrelle,XC1060486-Pipkuh-Karydi-Cypress-20210731_003145.wav,4,spectograms/XC1060486-Pipkuh-Karydi-Cypress-20210731_003145.png
Kuhl's Pipistrelle,XC1060485-Pipkuh-Karydi-Cypress-20210731_003000.wav,4,spectograms/XC1060485-Pipkuh-Karydi-Cypress-20210731_003000.png
Kuhl's Pipistrelle,XC1060484-Pipkuh-Karydi-Cypress-20210731_002945.wav,4,spectograms/XC1060484-Pipkuh-Karydi-Cypress-20210731_002945.png
Kuhl's Pipistrelle,XC1060483-Pipkuh-Karydi-Cypress-20210731_002315.wav,4,spectograms/XC1060483-Pipkuh-Karydi-Cypress-20210731_002315.png
Kuhl's Pipistrelle,XC1060482-Pipkuh-Karydi-Cypress-20210731_001310.wav,4,spectograms/XC1060482-Pipkuh-Karydi-Cypress-20210731_001310.png
Kuhl's Pipistrelle,XC1060481-Pipkuh-Karydi-Cypress-20210731_001055.wav,4,spectograms/XC1060481-Pipkuh-Karydi-Cypress-20210731_001055.png
Kuhl's Pipistrelle,XC1060480-Pipkuh-Karydi-Cypress-20210731_001025.wav,4,spectograms/XC1060480-Pipkuh-Karydi-Cypress-20210731_001025.png
Kuhl's Pipistrelle,XC1060479-Pipkuh-Karydi-Cypress-20210731_001005.wav,4,spectograms/XC1060479-Pipkuh-Karydi-Cypress-20210731_001005.png
Kuhl's Pipistrelle,XC1060478-Pipkuh-Karydi-Cypress-20210731_000925.wav,4,spectograms/XC1060478-Pipkuh-Karydi-Cypress-20210731_000925.png
Kuhl's Pipistrelle,XC1060477-Pipkuh-Karydi-Cypress-20210730_235805.wav,4,spectograms/XC1060477-Pipkuh-Karydi-Cypress-20210730_235805.png
Kuhl's Pipistrelle,XC1060476-Pipkuh-Karydi-Cypress-20210730_235620.wav,4,spectograms/XC1060476-Pipkuh-Karydi-Cypress-20210730_235620.png
Kuhl's Pipistrelle,XC1060475-Pipkuh-Karydi-Cypress-20210730_234705.wav,4,spectograms/XC1060475-Pipkuh-Karydi-Cypress-20210730_234705.png
Kuhl's Pipistrelle,XC1060474-Pipkuh-Karydi-Cypress-20210730_234245.wav,4,spectograms/XC1060474-Pipkuh-Karydi-Cypress-20210730_234245.png
Kuhl's Pipistrelle,XC1060473-Pipkuh-Karydi-Cypress-20210730_005950.wav,4,spectograms/XC1060473-Pipkuh-Karydi-Cypress-20210730_005950.png
Kuhl's Pipistrelle,XC1060472-Pipkuh-Karydi-Cypress-20210730_005855.wav,4,spectograms/XC1060472-Pipkuh-Karydi-Cypress-20210730_005855.png
Kuhl's Pipistrelle,XC1060471-Pipkuh-Karydi-Cypress-20210730_005525.wav,4,spectograms/XC1060471-Pipkuh-Karydi-Cypress-20210730_005525.png
Kuhl's Pipistrelle,XC1060470-Pipkuh-Karydi-Cypress-20210730_005445.wav,4,spectograms/XC1060470-Pipkuh-Karydi-Cypress-20210730_005445.png
Kuhl's Pipistrelle,XC1060469-Pipkuh-Karydi-Cypress-20210730_005405.wav,4,spectograms/XC1060469-Pipkuh-Karydi-Cypress-20210730_005405.png
Kuhl's Pipistrelle,XC1060468-Pipkuh-Karydi-Cypress-20210730_005340.wav,4,spectograms/XC1060468-Pipkuh-Karydi-Cypress-20210730_005340.png
Kuhl's Pipistrelle,XC1060467-Pipkuh-Karydi-Cypress-20210730_005330.wav,4,spectograms/XC1060467-Pipkuh-Karydi-Cypress-20210730_005330.png
Kuhl's Pipistrelle,XC1060466-Pipkuh-Karydi-Cypress-20210730_005325.wav,4,spectograms/XC1060466-Pipkuh-Karydi-Cypress-20210730_005325.png
Kuhl's Pipistrelle,XC1060465-Pipkuh-Karydi-Cypress-20210730_004850.wav,4,spectograms/XC1060465-Pipkuh-Karydi-Cypress-20210730_004850.png
Kuhl's Pipistrelle,XC1060464-Pipkuh-Karydi-Cypress-20210730_004750.wav,4,spectograms/XC1060464-Pipkuh-Karydi-Cypress-20210730_004750.png
Kuhl's Pipistrelle,XC1060463-Pipkuh-Karydi-Cypress-20210730_004450.wav,4,spectograms/XC1060463-Pipkuh-Karydi-Cypress-20210730_004450.png
Kuhl's Pipistrelle,XC1060462-Pipkuh-Karydi-Cypress-20210730_004320.wav,4,spectograms/XC1060462-Pipkuh-Karydi-Cypress-20210730_004320.png
Kuhl's Pipistrelle,XC1060461-Pipkuh-Karydi-Cypress-20210730_004215.wav,4,spectograms/XC1060461-Pipkuh-Karydi-Cypress-20210730_004215.png
Kuhl's Pipistrelle,XC1060460-Pipkuh-Karydi-Cypress-20210730_004145.wav,4,spectograms/XC1060460-Pipkuh-Karydi-Cypress-20210730_004145.png
Kuhl's Pipistrelle,XC1060459-Pipkuh-Karydi-Cypress-20210730_004055.wav,4,spectograms/XC1060459-Pipkuh-Karydi-Cypress-20210730_004055.png
Kuhl's Pipistrelle,XC1060458-Pipkuh-Karydi-Cypress-20210730_003850.wav,4,spectograms/XC1060458-Pipkuh-Karydi-Cypress-20210730_003850.png
Kuhl's Pipistrelle,XC1060457-Pipkuh-Karydi-Cypress-20210730_003240.wav,4,spectograms/XC1060457-Pipkuh-Karydi-Cypress-20210730_003240.png
Kuhl's Pipistrelle,XC1060456-Pipkuh-Karydi-Cypress-20210730_003120.wav,4,spectograms/XC1060456-Pipkuh-Karydi-Cypress-20210730_003120.png
Kuhl's Pipistrelle,XC1060455-Pipkuh-Karydi-Cypress-20210730_002935.wav,4,spectograms/XC1060455-Pipkuh-Karydi-Cypress-20210730_002935.png
Kuhl's Pipistrelle,XC1060454-Pipkuh-Karydi-Cypress-20210730_001725.wav,4,spectograms/XC1060454-Pipkuh-Karydi-Cypress-20210730_001725.png
Kuhl's Pipistrelle,XC1060453-Pipkuh-Karydi-Cypress-20210730_001240.wav,4,spectograms/XC1060453-Pipkuh-Karydi-Cypress-20210730_001240.png
Kuhl's Pipistrelle,XC1060452-Pipkuh-Karydi-Cypress-20210730_000805.wav,4,spectograms/XC1060452-Pipkuh-Karydi-Cypress-20210730_000805.png
Kuhl's Pipistrelle,XC1060451-Pipkuh-Karydi-Cypress-20210730_000325.wav,4,spectograms/XC1060451-Pipkuh-Karydi-Cypress-20210730_000325.png
Kuhl's Pipistrelle,XC1060450-Pipkuh-Karydi-Cypress-20210729_235550.wav,4,spectograms/XC1060450-Pipkuh-Karydi-Cypress-20210729_235550.png
Kuhl's Pipistrelle,XC1060449-Pipkuh-Karydi-Cypress-20210729_235535.wav,4,spectograms/XC1060449-Pipkuh-Karydi-Cypress-20210729_235535.png
Kuhl's Pipistrelle,XC1060448-Pipkuh-Karydi-Cypress-20210729_235420.wav,4,spectograms/XC1060448-Pipkuh-Karydi-Cypress-20210729_235420.png
Kuhl's Pipistrelle,XC1060447-Pipkuh-Karydi-Cypress-20210729_235300.wav,4,spectograms/XC1060447-Pipkuh-Karydi-Cypress-20210729_235300.png
Kuhl's Pipistrelle,XC1060446-Pipkuh-Karydi-Cypress-20210729_234530.wav,4,spectograms/XC1060446-Pipkuh-Karydi-Cypress-20210729_234530.png
Kuhl's Pipistrelle,XC1060445-Pipkuh-Karydi-Cypress-20210729_233145.wav,4,spectograms/XC1060445-Pipkuh-Karydi-Cypress-20210729_233145.png
Kuhl's Pipistrelle,XC1060444-Pipkuh-Karydi-Cypress-20210729_232930.wav,4,spectograms/XC1060444-Pipkuh-Karydi-Cypress-20210729_232930.png
Kuhl's Pipistrelle,XC1060443-Pipkuh-Karydi-Cypress-20210729_232345.wav,4,spectograms/XC1060443-Pipkuh-Karydi-Cypress-20210729_232345.png
Kuhl's Pipistrelle,XC1060442-Pipkuh-Karydi-Cypress-20210729_232115.wav,4,spectograms/XC1060442-Pipkuh-Karydi-Cypress-20210729_232115.png
Kuhl's Pipistrelle,XC1060441-Pipkuh-Karydi-Cypress-20210729_232050.wav,4,spectograms/XC1060441-Pipkuh-Karydi-Cypress-20210729_232050.png
Kuhl's Pipistrelle,XC1060440-Pipkuh-Karydi-Cypress-20210729_232015.wav,4,spectograms/XC1060440-Pipkuh-Karydi-Cypress-20210729_232015.png
Kuhl's Pipistrelle,XC1060439-Pipkuh-Karydi-Cypress-20210729_231910.wav,4,spectograms/XC1060439-Pipkuh-Karydi-Cypress-20210729_231910.png
Kuhl's Pipistrelle,XC1060438-Pipkuh-Karydi-Cypress-20210729_231525.wav,4,spectograms/XC1060438-Pipkuh-Karydi-Cypress-20210729_231525.png
Kuhl's Pipistrelle,XC1060437-Pipkuh-Karydi-Cypress-20210729_231340.wav,4,spectograms/XC1060437-Pipkuh-Karydi-Cypress-20210729_231340.png
Kuhl's Pipistrelle,XC1060436-Pipkuh-Karydi-Cypress-20210729_231330.wav,4,spectograms/XC1060436-Pipkuh-Karydi-Cypress-20210729_231330.png
Kuhl's Pipistrelle,XC1060435-Pipkuh-Karydi-Cypress-20210729_230935.wav,4,spectograms/XC1060435-Pipkuh-Karydi-Cypress-20210729_230935.png
Kuhl's Pipistrelle,XC1060434-Pipkuh-Karydi-Cypress-20210729_230900.wav,4,spectograms/XC1060434-Pipkuh-Karydi-Cypress-20210729_230900.png
Kuhl's Pipistrelle,XC1060433-Pipkuh-Karydi-Cypress-20210729_230440.wav,4,spectograms/XC1060433-Pipkuh-Karydi-Cypress-20210729_230440.png
Kuhl's Pipistrelle,XC1060432-Pipkuh-Karydi-Cypress-20210729_230350.wav,4,spectograms/XC1060432-Pipkuh-Karydi-Cypress-20210729_230350.png
Kuhl's Pipistrelle,XC1060431-Pipkuh-Karydi-Cypress-20210729_230330.wav,4,spectograms/XC1060431-Pipkuh-Karydi-Cypress-20210729_230330.png
Kuhl's Pipistrelle,XC1060430-Pipkuh-Karydi-Cypress-20210729_230300.wav,4,spectograms/XC1060430-Pipkuh-Karydi-Cypress-20210729_230300.png
Kuhl's Pipistrelle,XC1060429-Pipkuh-Karydi-Cypress-20210729_230245.wav,4,spectograms/XC1060429-Pipkuh-Karydi-Cypress-20210729_230245.png
Kuhl's Pipistrelle,XC1060428-Pipkuh-Karydi-Cypress-20210729_230230.wav,4,spectograms/XC1060428-Pipkuh-Karydi-Cypress-20210729_230230.png
Kuhl's Pipistrelle,XC1060427-Pipkuh-Karydi-Cypress-20210729_230025.wav,4,spectograms/XC1060427-Pipkuh-Karydi-Cypress-20210729_230025.png
Kuhl's Pipistrelle,XC1060426-Pipkuh-Karydi-Cypress-20210729_001335.wav,4,spectograms/XC1060426-Pipkuh-Karydi-Cypress-20210729_001335.png
Kuhl's Pipistrelle,XC1060425-Pipkuh-Karydi-Cypress-20210729_001315.wav,4,spectograms/XC1060425-Pipkuh-Karydi-Cypress-20210729_001315.png
Kuhl's Pipistrelle,XC1060424-Pipkuh-Karydi-Cypress-20210728_233000.wav,4,spectograms/XC1060424-Pipkuh-Karydi-Cypress-20210728_233000.png
Kuhl's Pipistrelle,XC1060423-Pipkuh-Karydi-Cypress-20210728_230050.wav,4,spectograms/XC1060423-Pipkuh-Karydi-Cypress-20210728_230050.png
Kuhl's Pipistrelle,XC1060422-Pipkuh-Karydi-Cypress-20210728_005625.wav,4,spectograms/XC1060422-Pipkuh-Karydi-Cypress-20210728_005625.png
Kuhl's Pipistrelle,XC1060421-Pipkuh-Karydi-Cypress-20210728_005040.wav,4,spectograms/XC1060421-Pipkuh-Karydi-Cypress-20210728_005040.png
Kuhl's Pipistrelle,XC1060420-Pipkuh-Karydi-Cypress-20210728_005035.wav,4,spectograms/XC1060420-Pipkuh-Karydi-Cypress-20210728_005035.png
Kuhl's Pipistrelle,XC1060419-Pipkuh-Karydi-Cypress-20210728_003000.wav,4,spectograms/XC1060419-Pipkuh-Karydi-Cypress-20210728_003000.png
Kuhl's Pipistrelle,XC1060418-Pipkuh-Karydi-Cypress-20210728_002515.wav,4,spectograms/XC1060418-Pipkuh-Karydi-Cypress-20210728_002515.png
Kuhl's Pipistrelle,XC1060417-Pipkuh-Karydi-Cypress-20210728_002200.wav,4,spectograms/XC1060417-Pipkuh-Karydi-Cypress-20210728_002200.png
Kuhl's Pipistrelle,XC1060416-Pipkuh-Karydi-Cypress-20210728_002145.wav,4,spectograms/XC1060416-Pipkuh-Karydi-Cypress-20210728_002145.png
Kuhl's Pipistrelle,XC1060415-Pipkuh-Karydi-Cypress-20210728_001820.wav,4,spectograms/XC1060415-Pipkuh-Karydi-Cypress-20210728_001820.png
Kuhl's Pipistrelle,XC1060414-Pipkuh-Karydi-Cypress-20210728_001535.wav,4,spectograms/XC1060414-Pipkuh-Karydi-Cypress-20210728_001535.png
Kuhl's Pipistrelle,XC1060413-Pipkuh-Karydi-Cypress-20210728_001415.wav,4,spectograms/XC1060413-Pipkuh-Karydi-Cypress-20210728_001415.png
Kuhl's Pipistrelle,XC1060412-Pipkuh-Karydi-Cypress-20210728_001145.wav,4,spectograms/XC1060412-Pipkuh-Karydi-Cypress-20210728_001145.png
Kuhl's Pipistrelle,XC1060411-Pipkuh-Karydi-Cypress-20210728_000730.wav,4,spectograms/XC1060411-Pipkuh-Karydi-Cypress-20210728_000730.png
Kuhl's Pipistrelle,XC1060410-Pipkuh-Karydi-Cypress-20210728_000725.wav,4,spectograms/XC1060410-Pipkuh-Karydi-Cypress-20210728_000725.png
Kuhl's Pipistrelle,XC1060409-Pipkuh-Karydi-Cypress-20210730_003455.wav,4,spectograms/XC1060409-Pipkuh-Karydi-Cypress-20210730_003455.png
Kuhl's Pipistrelle,XC1060408-Pipkuh-Karydi-Cypress-20210730_003435.wav,4,spectograms/XC1060408-Pipkuh-Karydi-Cypress-20210730_003435.png
Kuhl's Pipistrelle,XC1060407-Pipkuh-Karydi-Cypress-20210729_232140.wav,4,spectograms/XC1060407-Pipkuh-Karydi-Cypress-20210729_232140.png
Kuhl's Pipistrelle,XC1060406-Pipkuh-Karydi-Cypress-20210730_235220.wav,4,spectograms/XC1060406-Pipkuh-Karydi-Cypress-20210730_235220.png
Kuhl's Pipistrelle,XC1060405-Pipkuh-Karydi-Cypress-20210730_004625.wav,4,spectograms/XC1060405-Pipkuh-Karydi-Cypress-20210730_004625.png
Kuhl's Pipistrelle,XC1060404-Pipkuh-Karydi-Cypress-20210730_003320.wav,4,spectograms/XC1060404-Pipkuh-Karydi-Cypress-20210730_003320.png
Kuhl's Pipistrelle,XC1060403-Pipkuh-Karydi-Cypress-20210730_002615.wav,4,spectograms/XC1060403-Pipkuh-Karydi-Cypress-20210730_002615.png
Kuhl's Pipistrelle,XC1060402-Pipkuh-Karydi-Cypress-20210729_234345.wav,4,spectograms/XC1060402-Pipkuh-Karydi-Cypress-20210729_234345.png
Kuhl's Pipistrelle,XC1060401-Pipkuh-Karydi-Cypress-20210729_233845.wav,4,spectograms/XC1060401-Pipkuh-Karydi-Cypress-20210729_233845.png
Kuhl's Pipistrelle,XC1060400-Pipkuh-Karydi-Cypress-20210805_004840.wav,4,spectograms/XC1060400-Pipkuh-Karydi-Cypress-20210805_004840.png
Kuhl's Pipistrelle,XC1060399-Pipkuh-Karydi-Cypress-20210805_004040.wav,4,spectograms/XC1060399-Pipkuh-Karydi-Cypress-20210805_004040.png
Kuhl's Pipistrelle,XC1060398-Pipkuh-Karydi-Cypress-20210805_003340.wav,4,spectograms/XC1060398-Pipkuh-Karydi-Cypress-20210805_003340.png
Kuhl's Pipistrelle,XC1060397-Pipkuh-Karydi-Cypress-20210804_234825.wav,4,spectograms/XC1060397-Pipkuh-Karydi-Cypress-20210804_234825.png
Kuhl's Pipistrelle,XC1060396-Pipkuh-Karydi-Cypress-20210731_001740.wav,4,spectograms/XC1060396-Pipkuh-Karydi-Cypress-20210731_001740.png
Kuhl's Pipistrelle,XC1060395-Pipkuh-Karydi-Cypress-20210730_005055.wav,4,spectograms/XC1060395-Pipkuh-Karydi-Cypress-20210730_005055.png
Kuhl's Pipistrelle,XC1060394-Pipkuh-Karydi-Cypress-20210730_005035.wav,4,spectograms/XC1060394-Pipkuh-Karydi-Cypress-20210730_005035.png
Kuhl's Pipistrelle,XC1060393-Pipkuh-Karydi-Cypress-20210730_004945.wav,4,spectograms/XC1060393-Pipkuh-Karydi-Cypress-20210730_004945.png
Kuhl's Pipistrelle,XC1060392-Pipkuh-Karydi-Cypress-20210730_004845.wav,4,spectograms/XC1060392-Pipkuh-Karydi-Cypress-20210730_004845.png
Kuhl's Pipistrelle,XC1060391-Pipkuh-Karydi-Cypress-20210730_004715.wav,4,spectograms/XC1060391-Pipkuh-Karydi-Cypress-20210730_004715.png
Kuhl's Pipistrelle,XC1060390-Pipkuh-Karydi-Cypress-20210730_004640.wav,4,spectograms/XC1060390-Pipkuh-Karydi-Cypress-20210730_004640.png
Kuhl's Pipistrelle,XC1060389-Pipkuh-Karydi-Cypress-20210730_004230.wav,4,spectograms/XC1060389-Pipkuh-Karydi-Cypress-20210730_004230.png
Kuhl's Pipistrelle,XC1060388-Pipkuh-Karydi-Cypress-20210730_004150.wav,4,spectograms/XC1060388-Pipkuh-Karydi-Cypress-20210730_004150.png
Kuhl's Pipistrelle,XC1060387-Pipkuh-Karydi-Cypress-20210730_003945.wav,4,spectograms/XC1060387-Pipkuh-Karydi-Cypress-20210730_003945.png
Kuhl's Pipistrelle,XC1060386-Pipkuh-Karydi-Cypress-20210730_003820.wav,4,spectograms/XC1060386-Pipkuh-Karydi-Cypress-20210730_003820.png
Kuhl's Pipistrelle,XC1060385-Pipkuh-Karydi-Cypress-20210730_002645.wav,4,spectograms/XC1060385-Pipkuh-Karydi-Cypress-20210730_002645.png
Kuhl's Pipistrelle,XC1060384-Pipkuh-Karydi-Cypress-20210730_002305.wav,4,spectograms/XC1060384-Pipkuh-Karydi-Cypress-20210730_002305.png
Kuhl's Pipistrelle,XC1060383-Pipkuh-Karydi-Cypress-20210730_002150.wav,4,spectograms/XC1060383-Pipkuh-Karydi-Cypress-20210730_002150.png
Kuhl's Pipistrelle,XC1060382-Pipkuh-Karydi-Cypress-20210730_002040.wav,4,spectograms/XC1060382-Pipkuh-Karydi-Cypress-20210730_002040.png
Leisler's Noctule,XC1060582-Nyclei-AgApostol_20250710_044010.wav,5,spectograms/XC1060582-Nyclei-AgApostol_20250710_044010.png
Leisler's Noctule,XC1060581-Nyclei-AgApostol_20250710_021445.wav,5,spectograms/XC1060581-Nyclei-AgApostol_20250710_021445.png
Leisler's Noctule,XC1060580-Nyclei-AgApostol_20250710_015725.wav,5,spectograms/XC1060580-Nyclei-AgApostol_20250710_015725.png
Leisler's Noctule,XC1060579-Nyclei-AgApostol_20250710_010105.wav,5,spectograms/XC1060579-Nyclei-AgApostol_20250710_010105.png
Leisler's Noctule,XC1060578-Nyclei-AgApostol_20250709_211050.wav,5,spectograms/XC1060578-Nyclei-AgApostol_20250709_211050.png
Leisler's Noctule,XC1054637-NYCLEI_20250712_221805_feeding-buzz.wav,5,spectograms/XC1054637-NYCLEI_20250712_221805_feeding-buzz.png
Leisler's Noctule,XC1037953-bct_gla_554_nyctalus_leisleri_20240830_202600.wav,5,spectograms/XC1037953-bct_gla_554_nyctalus_leisleri_20240830_202600.png
Leisler's Noctule,XC1034106-TADTEN_20250830_010517.wav,5,spectograms/XC1034106-TADTEN_20250830_010517.png
Leisler's Noctule,XC1034104-41620304_20250830010535.wav,5,spectograms/XC1034104-41620304_20250830010535.png
Leisler's Noctule,XC1034103-41620178_20250830005150.wav,5,spectograms/XC1034103-41620178_20250830005150.png
Leisler's Noctule,XC1034102-26420197_20250830005154.wav,5,spectograms/XC1034102-26420197_20250830005154.png
Leisler's Noctule,XC1025202-BosvleermuisBuzz.wav,5,spectograms/XC1025202-BosvleermuisBuzz.png
Leisler's Noctule,XC1025198-41621432_20250727040240.wav,5,spectograms/XC1025198-41621432_20250727040240.png
Leisler's Noctule,XC1025190-41621373_20250727035002_2.wav,5,spectograms/XC1025190-41621373_20250727035002_2.png
Leisler's Noctule,XC1025188-41621198_20250727032601.wav,5,spectograms/XC1025188-41621198_20250727032601.png
Leisler's Noctule,XC1025187-41621178_20250727032258.wav,5,spectograms/XC1025187-41621178_20250727032258.png
Leisler's Noctule,XC1025163-41620312_20250727005430.wav,5,spectograms/XC1025163-41620312_20250727005430.png
Leisler's Noctule,XC1025159-41620173_20250727002933.wav,5,spectograms/XC1025159-41620173_20250727002933.png
Leisler's Noctule,XC1024849-41620875_20250725031357.wav,5,spectograms/XC1024849-41620875_20250725031357.png
Leisler's Noctule,XC1024848-41620874_20250725031354_2.wav,5,spectograms/XC1024848-41620874_20250725031354_2.png
Leisler's Noctule,XC1024847-41620799_20250725024728.wav,5,spectograms/XC1024847-41620799_20250725024728.png
Leisler's Noctule,XC1024845-41620720_20250725022131.wav,5,spectograms/XC1024845-41620720_20250725022131.png
Leisler's Noctule,XC1024843-41620718_20250725022113.wav,5,spectograms/XC1024843-41620718_20250725022113.png
Leisler's Noctule,XC1024842-41620701_20250725021207.wav,5,spectograms/XC1024842-41620701_20250725021207.png
Leisler's Noctule,XC1024839-41620638_20250725020015.wav,5,spectograms/XC1024839-41620638_20250725020015.png
Leisler's Noctule,XC1024838-41620637_20250725020013.wav,5,spectograms/XC1024838-41620637_20250725020013.png
Leisler's Noctule,XC1024837-Bosvleermuis.wav,5,spectograms/XC1024837-Bosvleermuis.png
Leisler's Noctule,XC1024835-41620541_20250725013357.wav,5,spectograms/XC1024835-41620541_20250725013357.png
Leisler's Noctule,XC1024834-41620437_20250725011810.wav,5,spectograms/XC1024834-41620437_20250725011810.png
Leisler's Noctule,XC1024833-41620436_20250725011807.wav,5,spectograms/XC1024833-41620436_20250725011807.png
Leisler's Noctule,XC1024830-41620365_20250725010710.wav,5,spectograms/XC1024830-41620365_20250725010710.png
Leisler's Noctule,XC1024827-41620288_20250725005644.wav,5,spectograms/XC1024827-41620288_20250725005644.png
Leisler's Noctule,XC1024824-41620274_20250725005434.wav,5,spectograms/XC1024824-41620274_20250725005434.png
Leisler's Noctule,XC1023497-41620063_20250725002237.wav,5,spectograms/XC1023497-41620063_20250725002237.png
Leisler's Noctule,XC1019508-41620493_20250723232710.wav,5,spectograms/XC1019508-41620493_20250723232710.png
Leisler's Noctule,XC1019507-41620444_20250723231846.wav,5,spectograms/XC1019507-41620444_20250723231846.png
Leisler's Noctule,XC1019506-41620443_20250723231842.wav,5,spectograms/XC1019506-41620443_20250723231842.png
Leisler's Noctule,XC1013600-TADTEN_20250627_020534.wav,5,spectograms/XC1013600-TADTEN_20250627_020534.png
Leisler's Noctule,XC1010371-26421390_20250627020628.wav,5,spectograms/XC1010371-26421390_20250627020628.png
Leisler's Noctule,XC1010369-26421389_20250627020622.wav,5,spectograms/XC1010369-26421389_20250627020622.png
Leisler's Noctule,XC1010367-26421384_20250627020534.wav,5,spectograms/XC1010367-26421384_20250627020534.png
Leisler's Noctule,XC1008063-26421043_20250619000659.wav,5,spectograms/XC1008063-26421043_20250619000659.png
Leisler's Noctule,XC1008061-26421041_20250619000652.wav,5,spectograms/XC1008061-26421041_20250619000652.png
Leisler's Noctule,XC984204-nyctalus_leisleri_bialystok_podlaskie_20250330_192031.wav,5,spectograms/XC984204-nyctalus_leisleri_bialystok_podlaskie_20250330_192031.png
Leisler's Noctule,XC1041835-NYCLEI_20250920_202346.wav,5,spectograms/XC1041835-NYCLEI_20250920_202346.png
Leisler's Noctule,XC1037898-bct_gla_257_nyctalus_leisleri_20240819_215000.wav,5,spectograms/XC1037898-bct_gla_257_nyctalus_leisleri_20240819_215000.png
Leisler's Noctule,XC1037869-bct_gla_159_nyctalus_leisleri_20240920_220900.wav,5,spectograms/XC1037869-bct_gla_159_nyctalus_leisleri_20240920_220900.png
Leisler's Noctule,XC1037868-bct_gla_148_nyctalus_leisleri_20240819_215000.wav,5,spectograms/XC1037868-bct_gla_148_nyctalus_leisleri_20240819_215000.png
Leisler's Noctule,XC1029055-NYCLEI_20250814_214255.wav,5,spectograms/XC1029055-NYCLEI_20250814_214255.png
Leisler's Noctule,XC1025201-41621373_20250727035002.wav,5,spectograms/XC1025201-41621373_20250727035002.png
Leisler's Noctule,XC1025170-41620345_20250727005823.wav,5,spectograms/XC1025170-41620345_20250727005823.png
Leisler's Noctule,XC1024840-41620643_20250725020051.wav,5,spectograms/XC1024840-41620643_20250725020051.png
Leisler's Noctule,XC1010419-26421387_20250627020611.wav,5,spectograms/XC1010419-26421387_20250627020611.png
Leisler's Noctule,XC935427-20240916_223045.wav,5,spectograms/XC935427-20240916_223045.png
Leisler's Noctule,XC935408-Douwe-van-der-Wijk---Odoorn.wav,5,spectograms/XC935408-Douwe-van-der-Wijk---Odoorn.png
Leisler's Noctule,XC925085-NYCLEI_20240728_215329.wav,5,spectograms/XC925085-NYCLEI_20240728_215329.png
Leisler's Noctule,XC825292-NYCLEI_20230825_220605.wav,5,spectograms/XC825292-NYCLEI_20230825_220605.png
Leisler's Noctule,XC811539-NoID_20230624_225611-1.wav,5,spectograms/XC811539-NoID_20230624_225611-1.png
Leisler's Noctule,XC810798-VESMUR_20230623_223125.wav,5,spectograms/XC810798-VESMUR_20230623_223125.png
Leisler's Noctule,XC809838-NYCLEI_20230527_213622.wav,5,spectograms/XC809838-NYCLEI_20230527_213622.png
Leisler's Noctule,XC953331-241201_2694A-Nyctalus-leisleri-verrucosus-koltrast-svarthätta.wav,5,spectograms/XC953331-241201_2694A-Nyctalus-leisleri-verrucosus-koltrast-svarthätta.png
Leisler's Noctule,XC836631-Bats-GA-2023-06-11-Schlins-Turbastall-(5)-Nyct-leis-AR441k.wav,5,spectograms/XC836631-Bats-GA-2023-06-11-Schlins-Turbastall-(5)-Nyct-leis-AR441k.png
Leisler's Noctule,XC822528-bovlmopen2355jun29.wav,5,spectograms/XC822528-bovlmopen2355jun29.png
Leisler's Noctule,XC822485-bosvleermuisopen2325jum29.wav,5,spectograms/XC822485-bosvleermuisopen2325jum29.png
Leisler's Noctule,XC822435-bosvleermuislaan2228jul4.wav,5,spectograms/XC822435-bosvleermuislaan2228jul4.png
Leisler's Noctule,XC822413-bosvleermkolon0346jul3.wav,5,spectograms/XC822413-bosvleermkolon0346jul3.png
Leisler's Noctule,XC822412-NleislBirdandbatchoir449jul3.wav,5,spectograms/XC822412-NleislBirdandbatchoir449jul3.png
Leisler's Noctule,XC822333-bosvleermkolonsocial0420goosejul3.wav,5,spectograms/XC822333-bosvleermkolonsocial0420goosejul3.png
Leisler's Noctule,XC822327-bosvleermkolonsocial0206jul3.wav,5,spectograms/XC822327-bosvleermkolonsocial0206jul3.png
Leisler's Noctule,XC814304-4thJuly02_28bosvleermuis.wav,5,spectograms/XC814304-4thJuly02_28bosvleermuis.png
Leisler's Noctule,XC814295-4thJuly01_45bosvleermuis.wav,5,spectograms/XC814295-4thJuly01_45bosvleermuis.png
Leisler's Noctule,XC814287-3rdJuly23_28bosvleermuis.wav,5,spectograms/XC814287-3rdJuly23_28bosvleermuis.png
Leisler's Noctule,XC805692-4_Car390931-2021-Pass1-A1-011693-SINIQ_20210614_223013_269_NYCLEI.wav,5,spectograms/XC805692-4_Car390931-2021-Pass1-A1-011693-SINIQ_20210614_223013_269_NYCLEI.png
Daubenton's Myotis,XC1018942-S4U12344_20250721_003613.wav,1,spectograms/XC1018942-S4U12344_20250721_003613.png
Daubenton's Myotis,XC1007514-wurb_20250612T230437+0200_N60.115559E14.700999_FS384_40kHz-35dB.wav,1,spectograms/XC1007514-wurb_20250612T230437+0200_N60.115559E14.700999_FS384_40kHz-35dB.png
Daubenton's Myotis,XC985025-240710_2266A-sel-Mdau-sävsångare.wav,1,spectograms/XC985025-240710_2266A-sel-Mdau-sävsångare.png
Daubenton's Myotis,XC821509-230530_1471-hö-Mdau.wav,1,spectograms/XC821509-230530_1471-hö-Mdau.png
Daubenton's Myotis,XC1043266-NoID_20250926_145822.wav,1,spectograms/XC1043266-NoID_20250926_145822.png
Daubenton's Myotis,XC1043239-NoID_20250926_161248.wav,1,spectograms/XC1043239-NoID_20250926_161248.png
Daubenton's Myotis,XC1043236-NoID_20250926_161230.wav,1,spectograms/XC1043236-NoID_20250926_161230.png
Daubenton's Myotis,XC1043226-20250926_155238.wav,1,spectograms/XC1043226-20250926_155238.png
Daubenton's Myotis,XC1043220-20250926_154701.wav,1,spectograms/XC1043220-20250926_154701.png
Daubenton's Myotis,XC1043216-20250926_154407.wav,1,spectograms/XC1043216-20250926_154407.png
Daubenton's Myotis,XC1030138-MYODAU_20250813_222838.wav,1,spectograms/XC1030138-MYODAU_20250813_222838.png
Daubenton's Myotis,XC1029052-MDAU_20250814_212312.wav,1,spectograms/XC1029052-MDAU_20250814_212312.png
Daubenton's Myotis,XC1026131-MYODAU_20250721_220157.wav,1,spectograms/XC1026131-MYODAU_20250721_220157.png
Daubenton's Myotis,XC1009732-26420252_20250626223400.wav,1,spectograms/XC1009732-26420252_20250626223400.png
Daubenton's Myotis,XC1009729-26420247_20250626223319.wav,1,spectograms/XC1009729-26420247_20250626223319.png
Daubenton's Myotis,XC1009726-26420245_20250626223305.wav,1,spectograms/XC1009726-26420245_20250626223305.png
Daubenton's Myotis,XC1009723-26420244_20250626223257.wav,1,spectograms/XC1009723-26420244_20250626223257.png
Daubenton's Myotis,XC1009712-26420232_20250626223120.wav,1,spectograms/XC1009712-26420232_20250626223120.png
Daubenton's Myotis,XC1002988-M00009_EXPORT_FS_HP15khz.wav,1,spectograms/XC1002988-M00009_EXPORT_FS_HP15khz.png
Daubenton's Myotis,XC996994-2LU03548_20250506_233720_000.wav,1,spectograms/XC996994-2LU03548_20250506_233720_000.png
Daubenton's Myotis,XC941575-S4U22112_20240723_001516Myodau.wav,1,spectograms/XC941575-S4U22112_20240723_001516Myodau.png
Daubenton's Myotis,XC936241-26420190.wav,1,spectograms/XC936241-26420190.png
Daubenton's Myotis,XC936237-20240927_151921.wav,1,spectograms/XC936237-20240927_151921.png
Daubenton's Myotis,XC936235-20240927_145359-Boudewijn.wav,1,spectograms/XC936235-20240927_145359-Boudewijn.png
Daubenton's Myotis,XC881769-MYODAU_20240314_191503.wav,1,spectograms/XC881769-MYODAU_20240314_191503.png
Daubenton's Myotis,XC816594-MYODAU_20230715_001437.wav,1,spectograms/XC816594-MYODAU_20230715_001437.png
Daubenton's Myotis,XC932930-dec3c762-6cd8-4228-aacc-8be9687e0be9.wav,1,spectograms/XC932930-dec3c762-6cd8-4228-aacc-8be9687e0be9.png
Daubenton's Myotis,XC932479-20240904_211738.wav,1,spectograms/XC932479-20240904_211738.png
Daubenton's Myotis,XC930242-1ca4738c-6c26-4a7c-adee-0adc9868b96d.wav,1,spectograms/XC930242-1ca4738c-6c26-4a7c-adee-0adc9868b96d.png
Daubenton's Myotis,XC928051-MYODAU_20240818_001444.wav,1,spectograms/XC928051-MYODAU_20240818_001444.png
Daubenton's Myotis,XC925300-MYODAU_20240803_Nöbbelövs-mosse.wav,1,spectograms/XC925300-MYODAU_20240803_Nöbbelövs-mosse.png
Daubenton's Myotis,XC919820-11a16bc8-cc7c-4c2f-b475-9f07e00ad51f.wav,1,spectograms/XC919820-11a16bc8-cc7c-4c2f-b475-9f07e00ad51f.png
Daubenton's Myotis,XC918932-61246484-7167-4872-a984-ebf13b64571a.wav,1,spectograms/XC918932-61246484-7167-4872-a984-ebf13b64571a.png
Daubenton's Myotis,XC912743-Echolocation---Florine-Brinkman.wav,1,spectograms/XC912743-Echolocation---Florine-Brinkman.png
Daubenton's Myotis,XC876894-20230828_223000_Myotis-daubentonii_Långfläsjan.wav,1,spectograms/XC876894-20230828_223000_Myotis-daubentonii_Långfläsjan.png
Daubenton's Myotis,XC844689-Myodau_echo_0057.wav,1,spectograms/XC844689-Myodau_echo_0057.png
Daubenton's Myotis,XC844688-Myodau_echo_0051.wav,1,spectograms/XC844688-Myodau_echo_0051.png
Daubenton's Myotis,XC844687-Myodau_echo_0050.wav,1,spectograms/XC844687-Myodau_echo_0050.png
Daubenton's Myotis,XC844686-Myodau_echo_0049.wav,1,spectograms/XC844686-Myodau_echo_0049.png
Daubenton's Myotis,XC831094-MYODAU_20230915_203639.wav,1,spectograms/XC831094-MYODAU_20230915_203639.png
Daubenton's Myotis,XC830436-wurb_20230818T030248+0200_N58.934234E15.68426_FS384_51kHz-26dB.wav,1,spectograms/XC830436-wurb_20230818T030248+0200_N58.934234E15.68426_FS384_51kHz-26dB.png
Daubenton's Myotis,XC827615-230814_1797A-mix-Mdau-soc.wav,1,spectograms/XC827615-230814_1797A-mix-Mdau-soc.png
Daubenton's Myotis,XC826891-MYODAU_20230902_205851.wav,1,spectograms/XC826891-MYODAU_20230902_205851.png
Daubenton's Myotis,XC826890-PIPNAT_20230902_205630XC.wav,1,spectograms/XC826890-PIPNAT_20230902_205630XC.png
Daubenton's Myotis,XC822750-230811_1751A1-sel-mix-Myotis-trol-Paur.wav,1,spectograms/XC822750-230811_1751A1-sel-mix-Myotis-trol-Paur.png
Daubenton's Myotis,XC822595-MYODAU_20230810_205940.wav,1,spectograms/XC822595-MYODAU_20230810_205940.png
Daubenton's Myotis,XC822571-MDAU_20230811_2342.wav,1,spectograms/XC822571-MDAU_20230811_2342.png
Daubenton's Myotis,XC820824-220905_0898-mix-Myotis.wav,1,spectograms/XC820824-220905_0898-mix-Myotis.png
Daubenton's Myotis,XC820821-220905_0904-mix-Mdau.wav,1,spectograms/XC820821-220905_0904-mix-Mdau.png
Daubenton's Myotis,XC817775-230719_1676-Myotis.wav,1,spectograms/XC817775-230719_1676-Myotis.png
Daubenton's Myotis,XC805690-10_Car390931-2021-Pass1-A1-011693-SINIQ_20210615_040918_659_MYODAU.wav,1,spectograms/XC805690-10_Car390931-2021-Pass1-A1-011693-SINIQ_20210615_040918_659_MYODAU.png
Daubenton's Myotis,"XC802776-M000007-230516-2140-Myotis-daubentoni.-D,-LEV.-Diepental.-Stephan-Risch.wav",1,"spectograms/XC802776-M000007-230516-2140-Myotis-daubentoni.-D,-LEV.-Diepental.-Stephan-Risch.png"
Daubenton's Myotis,XC753291-wurb_20220907T201554+0200_N59.83183E15.01556_FS384_38kHz-35dB.wav,1,spectograms/XC753291-wurb_20220907T201554+0200_N59.83183E15.01556_FS384_38kHz-35dB.png
Schreibers's Long-fingered Bat,XC1062116-Roumata-1-05Oct09-33-Phan_PYGMAEUS_1_00015_000.wav,8,spectograms/XC1062116-Roumata-1-05Oct09-33-Phan_PYGMAEUS_1_00015_000.png
Schreibers's Long-fingered Bat,XC1061271-Fantaxospiliara-emergence-22Aug13-(7)_0_00015_000.wav,8,spectograms/XC1061271-Fantaxospiliara-emergence-22Aug13-(7)_0_00015_000.png
Schreibers's Long-fingered Bat,XC1061270-Fantaxospiliara-emergence-22Aug13-(7)_0_00010_000.wav,8,spectograms/XC1061270-Fantaxospiliara-emergence-22Aug13-(7)_0_00010_000.png
Schreibers's Long-fingered Bat,XC1061269-Fantaxospiliara-emergence-22Aug13-(7)_0_00005_000.wav,8,spectograms/XC1061269-Fantaxospiliara-emergence-22Aug13-(7)_0_00005_000.png
Schreibers's Long-fingered Bat,XC1061264-Fantaxospiliara-emergence-22Aug13-(4)_0_00010_000.wav,8,spectograms/XC1061264-Fantaxospiliara-emergence-22Aug13-(4)_0_00010_000.png
Schreibers's Long-fingered Bat,XC1058153-MinSch-SOUDA-04_20210821_231628.wav,8,spectograms/XC1058153-MinSch-SOUDA-04_20210821_231628.png
Schreibers's Long-fingered Bat,XC1058152-MinSch-SOUDA-04_20210819_050430.wav,8,spectograms/XC1058152-MinSch-SOUDA-04_20210819_050430.png
Schreibers's Long-fingered Bat,XC1058151-MinSch-SOUDA-04_20210817_054539.wav,8,spectograms/XC1058151-MinSch-SOUDA-04_20210817_054539.png
Schreibers's Long-fingered Bat,XC1058150-MinSch-SOUDA-04_20210817_004324.wav,8,spectograms/XC1058150-MinSch-SOUDA-04_20210817_004324.png
Schreibers's Long-fingered Bat,XC1058149-MinSch-SOUDA-04_20210816_042202.wav,8,spectograms/XC1058149-MinSch-SOUDA-04_20210816_042202.png
Schreibers's Long-fingered Bat,XC1058148-MinSch-SOUDA-04_20210816_041000.wav,8,spectograms/XC1058148-MinSch-SOUDA-04_20210816_041000.png
Schreibers's Long-fingered Bat,XC1058147-MinSch-SOUDA-04_20210816_040739.wav,8,spectograms/XC1058147-MinSch-SOUDA-04_20210816_040739.png
Schreibers's Long-fingered Bat,XC1058146-MinSch-SOUDA-04_20210816_040356.wav,8,spectograms/XC1058146-MinSch-SOUDA-04_20210816_040356.png
Schreibers's Long-fingered Bat,XC1058145-MinSch-SOUDA-04_20210816_040323.wav,8,spectograms/XC1058145-MinSch-SOUDA-04_20210816_040323.png
Schreibers's Long-fingered Bat,XC1058144-MinSch-SOUDA-04_20210816_040049.wav,8,spectograms/XC1058144-MinSch-SOUDA-04_20210816_040049.png
Schreibers's Long-fingered Bat,XC1058143-MinSch-SOUDA-04_20210816_040020.wav,8,spectograms/XC1058143-MinSch-SOUDA-04_20210816_040020.png
Schreibers's Long-fingered Bat,XC1058142-MinSch-SOUDA-04_20210816_034214.wav,8,spectograms/XC1058142-MinSch-SOUDA-04_20210816_034214.png
Schreibers's Long-fingered Bat,XC1058141-MinSch-SOUDA-04_20210815_003422.wav,8,spectograms/XC1058141-MinSch-SOUDA-04_20210815_003422.png
Schreibers's Long-fingered Bat,XC1058140-MinSch-SOUDA-04_20210727_034331.wav,8,spectograms/XC1058140-MinSch-SOUDA-04_20210727_034331.png
Schreibers's Long-fingered Bat,XC1058139-MinSch-SOUDA-04_20210617_011814_000.wav,8,spectograms/XC1058139-MinSch-SOUDA-04_20210617_011814_000.png
Schreibers's Long-fingered Bat,XC1058138-MinSch-SOUDA-04_20210614_234817_000.wav,8,spectograms/XC1058138-MinSch-SOUDA-04_20210614_234817_000.png
Schreibers's Long-fingered Bat,XC1058137-MinSch-SOUDA-04_20210513_224639_000.wav,8,spectograms/XC1058137-MinSch-SOUDA-04_20210513_224639_000.png
Schreibers's Long-fingered Bat,XC1058136-MinSch-SOUDA-04_20210506_031321_000.wav,8,spectograms/XC1058136-MinSch-SOUDA-04_20210506_031321_000.png
Schreibers's Long-fingered Bat,XC1058135-MinSch-SOUDA-04_20210505_223411_000.wav,8,spectograms/XC1058135-MinSch-SOUDA-04_20210505_223411_000.png
Schreibers's Long-fingered Bat,XC1058134-MinSch-SOUDA-04_20210505_035353_000.wav,8,spectograms/XC1058134-MinSch-SOUDA-04_20210505_035353_000.png
Schreibers's Long-fingered Bat,XC1058133-MinSch-SOUDA-04_20210504_215348_000.wav,8,spectograms/XC1058133-MinSch-SOUDA-04_20210504_215348_000.png
Schreibers's Long-fingered Bat,XC1058132-MinSch-SOUDA-04_20210501_042619_000.wav,8,spectograms/XC1058132-MinSch-SOUDA-04_20210501_042619_000.png
Schreibers's Long-fingered Bat,XC1058131-MinSch-SOUDA-04_20210429_040231_000.wav,8,spectograms/XC1058131-MinSch-SOUDA-04_20210429_040231_000.png
Schreibers's Long-fingered Bat,XC1058130-MinSch-SOUDA-04_20210429_040044_000.wav,8,spectograms/XC1058130-MinSch-SOUDA-04_20210429_040044_000.png
Schreibers's Long-fingered Bat,XC1058129-MinSch-SOUDA-04_20210428_034441_000.wav,8,spectograms/XC1058129-MinSch-SOUDA-04_20210428_034441_000.png
Schreibers's Long-fingered Bat,XC1058128-MinSch-SOUDA-04_20210425_041158_000.wav,8,spectograms/XC1058128-MinSch-SOUDA-04_20210425_041158_000.png
Schreibers's Long-fingered Bat,XC1058127-MinSch-SOUDA-04_20210423_050033_000.wav,8,spectograms/XC1058127-MinSch-SOUDA-04_20210423_050033_000.png
Schreibers's Long-fingered Bat,XC1058126-MinSch-SOUDA-04_20210423_035810_000.wav,8,spectograms/XC1058126-MinSch-SOUDA-04_20210423_035810_000.png
Schreibers's Long-fingered Bat,XC1058125-MinSch-SOUDA-04_20210423_034424_000.wav,8,spectograms/XC1058125-MinSch-SOUDA-04_20210423_034424_000.png
Schreibers's Long-fingered Bat,XC1058124-MinSch-SOUDA-04_20210423_034047_000.wav,8,spectograms/XC1058124-MinSch-SOUDA-04_20210423_034047_000.png
Schreibers's Long-fingered Bat,XC1058123-MinSch-SOUDA-04_20210423_031316_000.wav,8,spectograms/XC1058123-MinSch-SOUDA-04_20210423_031316_000.png
Schreibers's Long-fingered Bat,XC1058122-MinSch-SOUDA-04_20210422_050002_000.wav,8,spectograms/XC1058122-MinSch-SOUDA-04_20210422_050002_000.png
Schreibers's Long-fingered Bat,XC1058121-MinSch-SOUDA-04_20210422_005636_000.wav,8,spectograms/XC1058121-MinSch-SOUDA-04_20210422_005636_000.png
Schreibers's Long-fingered Bat,XC1058120-MinSch-SOUDA-04_20210422_001500_000.wav,8,spectograms/XC1058120-MinSch-SOUDA-04_20210422_001500_000.png
Schreibers's Long-fingered Bat,XC1058119-MinSch-SOUDA-04_20210422_000141_000.wav,8,spectograms/XC1058119-MinSch-SOUDA-04_20210422_000141_000.png
Schreibers's Long-fingered Bat,XC1058118-MinSch-SOUDA-04_20210421_031835_000.wav,8,spectograms/XC1058118-MinSch-SOUDA-04_20210421_031835_000.png
Schreibers's Long-fingered Bat,XC1058117-MinSch-SOUDA-04_20210421_012527_000.wav,8,spectograms/XC1058117-MinSch-SOUDA-04_20210421_012527_000.png
Schreibers's Long-fingered Bat,XC1058116-MinSch-SOUDA-04_20210421_011541_000.wav,8,spectograms/XC1058116-MinSch-SOUDA-04_20210421_011541_000.png
Schreibers's Long-fingered Bat,XC1058115-MinSch-SOUDA-04_20210420_042241_000.wav,8,spectograms/XC1058115-MinSch-SOUDA-04_20210420_042241_000.png
Schreibers's Long-fingered Bat,XC1058114-MinSch-SOUDA-04_20210418_004636_000.wav,8,spectograms/XC1058114-MinSch-SOUDA-04_20210418_004636_000.png
Schreibers's Long-fingered Bat,XC1058113-MinSch-SOUDA-04_20210417_230055_000.wav,8,spectograms/XC1058113-MinSch-SOUDA-04_20210417_230055_000.png
Schreibers's Long-fingered Bat,XC1058112-MinSch-SOUDA-04_20210417_213333_000.wav,8,spectograms/XC1058112-MinSch-SOUDA-04_20210417_213333_000.png
Schreibers's Long-fingered Bat,XC1058111-MinSch-SOUDA-04_20210417_050511_000.wav,8,spectograms/XC1058111-MinSch-SOUDA-04_20210417_050511_000.png
Schreibers's Long-fingered Bat,XC1058110-MinSch-SOUDA-04_20210417_041439_000.wav,8,spectograms/XC1058110-MinSch-SOUDA-04_20210417_041439_000.png
Schreibers's Long-fingered Bat,XC1058109-MinSch-SOUDA-04_20210417_033620_000.wav,8,spectograms/XC1058109-MinSch-SOUDA-04_20210417_033620_000.png
Schreibers's Long-fingered Bat,XC1058108-MinSch-SOUDA-04_20210413_223957_000.wav,8,spectograms/XC1058108-MinSch-SOUDA-04_20210413_223957_000.png
Schreibers's Long-fingered Bat,XC1058107-MinSch-SOUDA-04_20210413_022704_000.wav,8,spectograms/XC1058107-MinSch-SOUDA-04_20210413_022704_000.png
Schreibers's Long-fingered Bat,XC1058106-MinSch-SOUDA-04_20210412_024712_000.wav,8,spectograms/XC1058106-MinSch-SOUDA-04_20210412_024712_000.png
Schreibers's Long-fingered Bat,XC1058105-MinSch-SOUDA-04_20210412_023109_000.wav,8,spectograms/XC1058105-MinSch-SOUDA-04_20210412_023109_000.png
Schreibers's Long-fingered Bat,XC1058104-MinSch-SOUDA-04_20210412_021116_000.wav,8,spectograms/XC1058104-MinSch-SOUDA-04_20210412_021116_000.png
Schreibers's Long-fingered Bat,XC1058103-MinSch-SOUDA-04_20210412_020150_000.wav,8,spectograms/XC1058103-MinSch-SOUDA-04_20210412_020150_000.png
Schreibers's Long-fingered Bat,XC1058102-MinSch-SOUDA-04_20210412_015541_000.wav,8,spectograms/XC1058102-MinSch-SOUDA-04_20210412_015541_000.png
Schreibers's Long-fingered Bat,XC1058101-MinSch-SOUDA-04_20210411_021150_000.wav,8,spectograms/XC1058101-MinSch-SOUDA-04_20210411_021150_000.png
Schreibers's Long-fingered Bat,XC1058100-MinSch-SOUDA-04_20210410_035041_000.wav,8,spectograms/XC1058100-MinSch-SOUDA-04_20210410_035041_000.png
Schreibers's Long-fingered Bat,XC1058099-MinSch-SOUDA-04_20210410_033734_000.wav,8,spectograms/XC1058099-MinSch-SOUDA-04_20210410_033734_000.png
Schreibers's Long-fingered Bat,XC1058098-MinSch-SOUDA-04_20210410_032322_000.wav,8,spectograms/XC1058098-MinSch-SOUDA-04_20210410_032322_000.png
Schreibers's Long-fingered Bat,XC1058097-MinSch-SOUDA-04_20210410_025505_000.wav,8,spectograms/XC1058097-MinSch-SOUDA-04_20210410_025505_000.png
Schreibers's Long-fingered Bat,XC1058096-MinSch-SOUDA-04_20210410_025327_000.wav,8,spectograms/XC1058096-MinSch-SOUDA-04_20210410_025327_000.png
Schreibers's Long-fingered Bat,XC1058095-MinSch-SOUDA-04_20210410_024943_000.wav,8,spectograms/XC1058095-MinSch-SOUDA-04_20210410_024943_000.png
Schreibers's Long-fingered Bat,XC1058094-MinSch-SOUDA-04_20210410_024757_000.wav,8,spectograms/XC1058094-MinSch-SOUDA-04_20210410_024757_000.png
Schreibers's Long-fingered Bat,XC1058093-MinSch-SOUDA-04_20210410_024456_000.wav,8,spectograms/XC1058093-MinSch-SOUDA-04_20210410_024456_000.png
Schreibers's Long-fingered Bat,XC1058092-MinSch-SOUDA-04_20210410_021917_000.wav,8,spectograms/XC1058092-MinSch-SOUDA-04_20210410_021917_000.png
Schreibers's Long-fingered Bat,XC1058091-MinSch-SOUDA-04_20210410_014449_000.wav,8,spectograms/XC1058091-MinSch-SOUDA-04_20210410_014449_000.png
Schreibers's Long-fingered Bat,XC1058090-MinSch-SOUDA-04_20210410_013353_000.wav,8,spectograms/XC1058090-MinSch-SOUDA-04_20210410_013353_000.png
Schreibers's Long-fingered Bat,XC1058089-MinSch-SOUDA-04_20210410_011126_000.wav,8,spectograms/XC1058089-MinSch-SOUDA-04_20210410_011126_000.png
Schreibers's Long-fingered Bat,XC1058088-MinSch-SOUDA-04_20210409_222838_000.wav,8,spectograms/XC1058088-MinSch-SOUDA-04_20210409_222838_000.png
Schreibers's Long-fingered Bat,XC1058087-MinSch-SOUDA-04_20210409_222254_000.wav,8,spectograms/XC1058087-MinSch-SOUDA-04_20210409_222254_000.png
Schreibers's Long-fingered Bat,XC1058086-MinSch-SOUDA-04_20210409_215117_000.wav,8,spectograms/XC1058086-MinSch-SOUDA-04_20210409_215117_000.png
Schreibers's Long-fingered Bat,XC1058085-MinSch-SOUDA-04_20210409_214309_000.wav,8,spectograms/XC1058085-MinSch-SOUDA-04_20210409_214309_000.png
Schreibers's Long-fingered Bat,XC1058084-MinSch-SOUDA-04_20210409_214134_999.wav,8,spectograms/XC1058084-MinSch-SOUDA-04_20210409_214134_999.png
Schreibers's Long-fingered Bat,XC1058083-MinSch-SOUDA-04_20210409_214125_000.wav,8,spectograms/XC1058083-MinSch-SOUDA-04_20210409_214125_000.png
Schreibers's Long-fingered Bat,XC1058082-MinSch-SOUDA-04_20210409_213417_000.wav,8,spectograms/XC1058082-MinSch-SOUDA-04_20210409_213417_000.png
Schreibers's Long-fingered Bat,XC1058081-MinSch-SOUDA-04_20210409_213004_000.wav,8,spectograms/XC1058081-MinSch-SOUDA-04_20210409_213004_000.png
Schreibers's Long-fingered Bat,XC1058080-MinSch-SOUDA-04_20210409_212922_000.wav,8,spectograms/XC1058080-MinSch-SOUDA-04_20210409_212922_000.png
Schreibers's Long-fingered Bat,XC1058079-MinSch-SOUDA-04_20210409_211659_000.wav,8,spectograms/XC1058079-MinSch-SOUDA-04_20210409_211659_000.png
Schreibers's Long-fingered Bat,XC1058078-MinSch-SOUDA-04_20210409_205746_000.wav,8,spectograms/XC1058078-MinSch-SOUDA-04_20210409_205746_000.png
Schreibers's Long-fingered Bat,XC1058077-MinSch-SOUDA-03_20210823_210226.wav,8,spectograms/XC1058077-MinSch-SOUDA-03_20210823_210226.png
Schreibers's Long-fingered Bat,XC1058076-MinSch-SOUDA-03_20210524_031121_000.wav,8,spectograms/XC1058076-MinSch-SOUDA-03_20210524_031121_000.png
Schreibers's Long-fingered Bat,XC1058075-MinSch-SOUDA-03_20210430_031632_000.wav,8,spectograms/XC1058075-MinSch-SOUDA-03_20210430_031632_000.png
Schreibers's Long-fingered Bat,XC1058074-MinSch-SOUDA-03_20210426_213402_000.wav,8,spectograms/XC1058074-MinSch-SOUDA-03_20210426_213402_000.png
Schreibers's Long-fingered Bat,XC1058073-MinSch-SOUDA-03_20210410_024635_000.wav,8,spectograms/XC1058073-MinSch-SOUDA-03_20210410_024635_000.png
Schreibers's Long-fingered Bat,XC1058072-MinSch-SOUDA-02_20210424_034540_000.wav,8,spectograms/XC1058072-MinSch-SOUDA-02_20210424_034540_000.png
Schreibers's Long-fingered Bat,XC1058071-MinSch-SOUDA-02_20210423_040200_000.wav,8,spectograms/XC1058071-MinSch-SOUDA-02_20210423_040200_000.png
Schreibers's Long-fingered Bat,XC1058070-MinSch-SOUDA-02_20210420_001303_000.wav,8,spectograms/XC1058070-MinSch-SOUDA-02_20210420_001303_000.png
Schreibers's Long-fingered Bat,XC1058069-MinSch-SOUDA-01_20210417_034149_000.wav,8,spectograms/XC1058069-MinSch-SOUDA-01_20210417_034149_000.png
Schreibers's Long-fingered Bat,XC1058068-MinSch-SOUDA-01_20210415_013206_000.wav,8,spectograms/XC1058068-MinSch-SOUDA-01_20210415_013206_000.png
Schreibers's Long-fingered Bat,"XC1053810-Miniopterus,-Tafos-cave-area--20240119_182832_000.wav",8,"spectograms/XC1053810-Miniopterus,-Tafos-cave-area--20240119_182832_000.png"
Schreibers's Long-fingered Bat,"XC1053809-Miniopterus,-Tafos-cave-area--20240119_182817_000.wav",8,"spectograms/XC1053809-Miniopterus,-Tafos-cave-area--20240119_182817_000.png"
Schreibers's Long-fingered Bat,"XC1053808-Miniopterus,-Tafos-cave-area--20240119_182802_000.wav",8,"spectograms/XC1053808-Miniopterus,-Tafos-cave-area--20240119_182802_000.png"
Schreibers's Long-fingered Bat,"XC1053807-Miniopterus,-Tafos-cave-area--20240119_182747_000.wav",8,"spectograms/XC1053807-Miniopterus,-Tafos-cave-area--20240119_182747_000.png"
Schreibers's Long-fingered Bat,"XC1053806-Miniopterus,-Tafos-cave-area--20240119_182737_000.wav",8,"spectograms/XC1053806-Miniopterus,-Tafos-cave-area--20240119_182737_000.png"
Schreibers's Long-fingered Bat,"XC1053805-Miniopterus,-Tafos-cave-area--20240119_182722_000.wav",8,"spectograms/XC1053805-Miniopterus,-Tafos-cave-area--20240119_182722_000.png"
Schreibers's Long-fingered Bat,"XC1053804-Miniopterus,-Tafos-cave-area--20240119_182707_000.wav",8,"spectograms/XC1053804-Miniopterus,-Tafos-cave-area--20240119_182707_000.png"
Schreibers's Long-fingered Bat,"XC1053803-Miniopterus,-Tafos-cave-area--20240119_182652_000.wav",8,"spectograms/XC1053803-Miniopterus,-Tafos-cave-area--20240119_182652_000.png"
Schreibers's Long-fingered Bat,"XC1053802-Miniopterus,-Tafos-cave-area--20240119_182642_000.wav",8,"spectograms/XC1053802-Miniopterus,-Tafos-cave-area--20240119_182642_000.png"
Schreibers's Long-fingered Bat,"XC1053801-Miniopterus,-Tafos-cave-area--20240119_182627_000.wav",8,"spectograms/XC1053801-Miniopterus,-Tafos-cave-area--20240119_182627_000.png"
Schreibers's Long-fingered Bat,"XC1053800-Miniopterus,-Tafos-cave-area--20240119_182612_000.wav",8,"spectograms/XC1053800-Miniopterus,-Tafos-cave-area--20240119_182612_000.png"
Schreibers's Long-fingered Bat,"XC1053799-Miniopterus,-Tafos-cave-area--20240119_182557_000.wav",8,"spectograms/XC1053799-Miniopterus,-Tafos-cave-area--20240119_182557_000.png"
Schreibers's Long-fingered Bat,"XC1053798-Miniopterus,-Tafos-cave-area--20240119_182544_000.wav",8,"spectograms/XC1053798-Miniopterus,-Tafos-cave-area--20240119_182544_000.png"
Schreibers's Long-fingered Bat,"XC1053797-Miniopterus,-Tafos-cave-area--20240119_182537_000.wav",8,"spectograms/XC1053797-Miniopterus,-Tafos-cave-area--20240119_182537_000.png"
Schreibers's Long-fingered Bat,"XC1053796-Miniopterus,-Tafos-cave-area--20240119_182522_000.wav",8,"spectograms/XC1053796-Miniopterus,-Tafos-cave-area--20240119_182522_000.png"
Schreibers's Long-fingered Bat,"XC1053795-Miniopterus,-Tafos-cave-area--20240119_182507_000.wav",8,"spectograms/XC1053795-Miniopterus,-Tafos-cave-area--20240119_182507_000.png"
Schreibers's Long-fingered Bat,"XC1053794-Miniopterus,-Tafos-cave-area--20240119_182452_000.wav",8,"spectograms/XC1053794-Miniopterus,-Tafos-cave-area--20240119_182452_000.png"
Schreibers's Long-fingered Bat,"XC1053793-Miniopterus,-Tafos-cave-area--20240119_182442_000.wav",8,"spectograms/XC1053793-Miniopterus,-Tafos-cave-area--20240119_182442_000.png"
Schreibers's Long-fingered Bat,"XC1053791-Miniopterus,-Tafos-cave-area--20240119_182432_000.wav",8,"spectograms/XC1053791-Miniopterus,-Tafos-cave-area--20240119_182432_000.png"
Schreibers's Long-fingered Bat,"XC1053790-Miniopterus,-Tafos-cave-area--20240119_182417_000.wav",8,"spectograms/XC1053790-Miniopterus,-Tafos-cave-area--20240119_182417_000.png"
Schreibers's Long-fingered Bat,"XC1053789-Miniopterus,-Tafos-cave-area--20240119_182407_000.wav",8,"spectograms/XC1053789-Miniopterus,-Tafos-cave-area--20240119_182407_000.png"
Schreibers's Long-fingered Bat,"XC1053788-Miniopterus,-Tafos-cave-area--20240119_182357_000.wav",8,"spectograms/XC1053788-Miniopterus,-Tafos-cave-area--20240119_182357_000.png"
Schreibers's Long-fingered Bat,"XC1053787-Miniopterus,-Tafos-cave-area--20240119_182349_000.wav",8,"spectograms/XC1053787-Miniopterus,-Tafos-cave-area--20240119_182349_000.png"
Schreibers's Long-fingered Bat,"XC1053786-Miniopterus,-Tafos-cave-area--20240119_182342_000.wav",8,"spectograms/XC1053786-Miniopterus,-Tafos-cave-area--20240119_182342_000.png"
Schreibers's Long-fingered Bat,"XC1053785-Miniopterus,-Tafos-cave-area--20240119_182332_000.wav",8,"spectograms/XC1053785-Miniopterus,-Tafos-cave-area--20240119_182332_000.png"
Schreibers's Long-fingered Bat,"XC1053784-Miniopterus,-Tafos-cave-area--20240119_182324_000.wav",8,"spectograms/XC1053784-Miniopterus,-Tafos-cave-area--20240119_182324_000.png"
Schreibers's Long-fingered Bat,"XC1053783-Miniopterus,-Tafos-cave-area--20240119_182317_000.wav",8,"spectograms/XC1053783-Miniopterus,-Tafos-cave-area--20240119_182317_000.png"
Schreibers's Long-fingered Bat,"XC1053782-Miniopterus,-Tafos-cave-area--20240119_182304_000.wav",8,"spectograms/XC1053782-Miniopterus,-Tafos-cave-area--20240119_182304_000.png"
Schreibers's Long-fingered Bat,"XC1053781-Miniopterus,-Tafos-cave-area--20240119_182257_000.wav",8,"spectograms/XC1053781-Miniopterus,-Tafos-cave-area--20240119_182257_000.png"
Schreibers's Long-fingered Bat,"XC1053780-Miniopterus,-Tafos-cave-area--20240119_182249_000.wav",8,"spectograms/XC1053780-Miniopterus,-Tafos-cave-area--20240119_182249_000.png"
Schreibers's Long-fingered Bat,"XC1053779-Miniopterus,-Tafos-cave-area--20240119_182242_000.wav",8,"spectograms/XC1053779-Miniopterus,-Tafos-cave-area--20240119_182242_000.png"
Schreibers's Long-fingered Bat,"XC1053778-Miniopterus,-Tafos-cave-area--20240119_182229_000.wav",8,"spectograms/XC1053778-Miniopterus,-Tafos-cave-area--20240119_182229_000.png"
Schreibers's Long-fingered Bat,"XC1053777-Miniopterus,-Tafos-cave-area--20240119_182222_000.wav",8,"spectograms/XC1053777-Miniopterus,-Tafos-cave-area--20240119_182222_000.png"
Schreibers's Long-fingered Bat,"XC1053776-Miniopterus,-Tafos-cave-area--20240119_182214_000.wav",8,"spectograms/XC1053776-Miniopterus,-Tafos-cave-area--20240119_182214_000.png"
Schreibers's Long-fingered Bat,"XC1053775-Miniopterus,-Tafos-cave-area--20240119_182207_000.wav",8,"spectograms/XC1053775-Miniopterus,-Tafos-cave-area--20240119_182207_000.png"
Schreibers's Long-fingered Bat,"XC1053774-Miniopterus,-Tafos-cave-area--20240119_182159_000.wav",8,"spectograms/XC1053774-Miniopterus,-Tafos-cave-area--20240119_182159_000.png"
Schreibers's Long-fingered Bat,"XC1053773-Miniopterus,-Tafos-cave-area--20240119_182152_000.wav",8,"spectograms/XC1053773-Miniopterus,-Tafos-cave-area--20240119_182152_000.png"
Schreibers's Long-fingered Bat,"XC1053772-Miniopterus,-Tafos-cave-area--20240119_182144_000.wav",8,"spectograms/XC1053772-Miniopterus,-Tafos-cave-area--20240119_182144_000.png"
Schreibers's Long-fingered Bat,"XC1053771-Miniopterus,-Tafos-cave-area--20240119_182137_000.wav",8,"spectograms/XC1053771-Miniopterus,-Tafos-cave-area--20240119_182137_000.png"
Schreibers's Long-fingered Bat,"XC1053770-Miniopterus,-Tafos-cave-area--20240119_182122_000.wav",8,"spectograms/XC1053770-Miniopterus,-Tafos-cave-area--20240119_182122_000.png"
Schreibers's Long-fingered Bat,"XC1053769-Miniopterus,-Tafos-cave-area--20240119_182107_000.wav",8,"spectograms/XC1053769-Miniopterus,-Tafos-cave-area--20240119_182107_000.png"
Schreibers's Long-fingered Bat,"XC1053768-Miniopterus,-Tafos-cave-area--20240119_182052_000.wav",8,"spectograms/XC1053768-Miniopterus,-Tafos-cave-area--20240119_182052_000.png"
Schreibers's Long-fingered Bat,"XC1053767-Miniopterus,-Tafos-cave-area--20240119_182037_000.wav",8,"spectograms/XC1053767-Miniopterus,-Tafos-cave-area--20240119_182037_000.png"
Schreibers's Long-fingered Bat,"XC1053766-Miniopterus,-Tafos-cave-area--20240119_182027_000.wav",8,"spectograms/XC1053766-Miniopterus,-Tafos-cave-area--20240119_182027_000.png"
Schreibers's Long-fingered Bat,"XC1053765-Miniopterus,-Tafos-cave-area--20240119_182012_000.wav",8,"spectograms/XC1053765-Miniopterus,-Tafos-cave-area--20240119_182012_000.png"
Schreibers's Long-fingered Bat,"XC1053764-Miniopterus,-Tafos-cave-area--20240119_182002_000.wav",8,"spectograms/XC1053764-Miniopterus,-Tafos-cave-area--20240119_182002_000.png"
Schreibers's Long-fingered Bat,"XC1053763-Miniopterus,-Tafos-cave-area--20240119_181947_000.wav",8,"spectograms/XC1053763-Miniopterus,-Tafos-cave-area--20240119_181947_000.png"
Schreibers's Long-fingered Bat,"XC1053762-Miniopterus,-Tafos-cave-area--20240119_181932_000.wav",8,"spectograms/XC1053762-Miniopterus,-Tafos-cave-area--20240119_181932_000.png"
Schreibers's Long-fingered Bat,"XC1053761-Miniopterus,-Tafos-cave-area--20240119_181917_000.wav",8,"spectograms/XC1053761-Miniopterus,-Tafos-cave-area--20240119_181917_000.png"
Schreibers's Long-fingered Bat,"XC1053760-Miniopterus,-Tafos-cave-area--20240119_181907_000.wav",8,"spectograms/XC1053760-Miniopterus,-Tafos-cave-area--20240119_181907_000.png"
Schreibers's Long-fingered Bat,"XC1053759-Miniopterus,-Tafos-cave-area--20240119_181852_000.wav",8,"spectograms/XC1053759-Miniopterus,-Tafos-cave-area--20240119_181852_000.png"
Schreibers's Long-fingered Bat,"XC1053758-Miniopterus,-Tafos-cave-area--20240119_181837_000.wav",8,"spectograms/XC1053758-Miniopterus,-Tafos-cave-area--20240119_181837_000.png"
Schreibers's Long-fingered Bat,"XC1053757-Miniopterus,-Tafos-cave-area--20240119_181822_000.wav",8,"spectograms/XC1053757-Miniopterus,-Tafos-cave-area--20240119_181822_000.png"
Schreibers's Long-fingered Bat,"XC1053756-Miniopterus,-Tafos-cave-area--20240119_181806_000.wav",8,"spectograms/XC1053756-Miniopterus,-Tafos-cave-area--20240119_181806_000.png"
Schreibers's Long-fingered Bat,"XC1053755-Miniopterus,-Tafos-cave-area--20240119_181752_000.wav",8,"spectograms/XC1053755-Miniopterus,-Tafos-cave-area--20240119_181752_000.png"
Schreibers's Long-fingered Bat,"XC1053754-Miniopterus,-Tafos-cave-area--20240119_181737_000.wav",8,"spectograms/XC1053754-Miniopterus,-Tafos-cave-area--20240119_181737_000.png"
Schreibers's Long-fingered Bat,"XC1053753-Miniopterus,-Tafos-cave-area--20240119_181727_000.wav",8,"spectograms/XC1053753-Miniopterus,-Tafos-cave-area--20240119_181727_000.png"
Schreibers's Long-fingered Bat,"XC1053752-Miniopterus,-Tafos-cave-area--20240119_181717_000.wav",8,"spectograms/XC1053752-Miniopterus,-Tafos-cave-area--20240119_181717_000.png"
Schreibers's Long-fingered Bat,"XC1053751-Miniopterus,-Tafos-cave-area--20240119_181702_000.wav",8,"spectograms/XC1053751-Miniopterus,-Tafos-cave-area--20240119_181702_000.png"
Schreibers's Long-fingered Bat,"XC1053750-Miniopterus,-Tafos-cave-area--20240119_181647_000.wav",8,"spectograms/XC1053750-Miniopterus,-Tafos-cave-area--20240119_181647_000.png"
Schreibers's Long-fingered Bat,"XC1053749-Miniopterus,-Tafos-cave-area--20240119_181637_000.wav",8,"spectograms/XC1053749-Miniopterus,-Tafos-cave-area--20240119_181637_000.png"
Schreibers's Long-fingered Bat,"XC1053748-Miniopterus,-Tafos-cave-area--20240119_181627_000.wav",8,"spectograms/XC1053748-Miniopterus,-Tafos-cave-area--20240119_181627_000.png"
Schreibers's Long-fingered Bat,"XC1053747-Miniopterus,-Tafos-cave-area--20240119_181612_000.wav",8,"spectograms/XC1053747-Miniopterus,-Tafos-cave-area--20240119_181612_000.png"
Schreibers's Long-fingered Bat,"XC1053746-Miniopterus,-Tafos-cave-area--20240119_181557_000.wav",8,"spectograms/XC1053746-Miniopterus,-Tafos-cave-area--20240119_181557_000.png"
Schreibers's Long-fingered Bat,"XC1053745-Miniopterus,-Tafos-cave-area--20240119_181537_000.wav",8,"spectograms/XC1053745-Miniopterus,-Tafos-cave-area--20240119_181537_000.png"
Schreibers's Long-fingered Bat,"XC1053744-Miniopterus,-Tafos-cave-area--20240119_181512_000.wav",8,"spectograms/XC1053744-Miniopterus,-Tafos-cave-area--20240119_181512_000.png"
Schreibers's Long-fingered Bat,"XC1053743-Miniopterus,-Tafos-cave-area--20240119_181457_000.wav",8,"spectograms/XC1053743-Miniopterus,-Tafos-cave-area--20240119_181457_000.png"
Schreibers's Long-fingered Bat,XC1025406-26420331_20250725232152.wav,8,spectograms/XC1025406-26420331_20250725232152.png
Schreibers's Long-fingered Bat,XC1002773-MINSCH_20250517_002616.wav,8,spectograms/XC1002773-MINSCH_20250517_002616.png
Schreibers's Long-fingered Bat,XC1002769-MINSCH_20250517_012522.wav,8,spectograms/XC1002769-MINSCH_20250517_012522.png
Schreibers's Long-fingered Bat,XC1061762-Latsida-Gaidaron-area-20231003_224605T.wav,8,spectograms/XC1061762-Latsida-Gaidaron-area-20231003_224605T.png
Schreibers's Long-fingered Bat,XC1061755-Latsida-Gaidaron-area-20231003_213117T.wav,8,spectograms/XC1061755-Latsida-Gaidaron-area-20231003_213117T.png
Schreibers's Long-fingered Bat,XC1061751-Latsida-Gaidaron-area-20231003_205652T.wav,8,spectograms/XC1061751-Latsida-Gaidaron-area-20231003_205652T.png
Schreibers's Long-fingered Bat,XC1061712-Latsida-Gaidaron-area-20231002_231728T.wav,8,spectograms/XC1061712-Latsida-Gaidaron-area-20231002_231728T.png
Schreibers's Long-fingered Bat,XC1061699-Latsida-Gaidaron-area-20231002_205740T.wav,8,spectograms/XC1061699-Latsida-Gaidaron-area-20231002_205740T.png
Schreibers's Long-fingered Bat,XC1061694-Latsida-Gaidaron-area-20231002_193527T.wav,8,spectograms/XC1061694-Latsida-Gaidaron-area-20231002_193527T.png
Schreibers's Long-fingered Bat,XC1061687-Latsida-Gaidaron-area-20231002_042639T.wav,8,spectograms/XC1061687-Latsida-Gaidaron-area-20231002_042639T.png
Schreibers's Long-fingered Bat,XC1061684-Latsida-Gaidaron-area-20231002_021927T.wav,8,spectograms/XC1061684-Latsida-Gaidaron-area-20231002_021927T.png
Schreibers's Long-fingered Bat,XC1061674-Latsida-Gaidaron-area-20231001_211915T.wav,8,spectograms/XC1061674-Latsida-Gaidaron-area-20231001_211915T.png
Schreibers's Long-fingered Bat,XC1061665-Latsida-Gaidaron-area-20231001_015602T.wav,8,spectograms/XC1061665-Latsida-Gaidaron-area-20231001_015602T.png
Schreibers's Long-fingered Bat,XC1061660-Latsida-Gaidaron-area-20230930_064202T.wav,8,spectograms/XC1061660-Latsida-Gaidaron-area-20230930_064202T.png
Schreibers's Long-fingered Bat,XC1061646-Latsida-Gaidaron-area-20230929_213349T.wav,8,spectograms/XC1061646-Latsida-Gaidaron-area-20230929_213349T.png
Schreibers's Long-fingered Bat,XC1061593-Latsida-Gaidaron-area-20230928_040200T.wav,8,spectograms/XC1061593-Latsida-Gaidaron-area-20230928_040200T.png
Schreibers's Long-fingered Bat,XC824785-GRABADORA4_20230816_050726.wav,8,spectograms/XC824785-GRABADORA4_20230816_050726.png
Schreibers's Long-fingered Bat,XC844362-XC844362.wav,8,spectograms/XC844362-XC844362.png
Schreibers's Long-fingered Bat,XC844361-XC844361.wav,8,spectograms/XC844361-XC844361.png
Schreibers's Long-fingered Bat,XC844360-XC844360.wav,8,spectograms/XC844360-XC844360.png
Schreibers's Long-fingered Bat,XC844359-XC844359.wav,8,spectograms/XC844359-XC844359.png
Schreibers's Long-fingered Bat,XC836799-MINSCH_20231012_191704_edit.wav,8,spectograms/XC836799-MINSCH_20231012_191704_edit.png
Schreibers's Long-fingered Bat,XC824784-GRABADORA4_20230821_033224.wav,8,spectograms/XC824784-GRABADORA4_20230821_033224.png
Schreibers's Long-fingered Bat,XC805638-27_Car111377-2021-Pass1-Z2-20210510_051517_000_MINSCH.wav,8,spectograms/XC805638-27_Car111377-2021-Pass1-Z2-20210510_051517_000_MINSCH.png
Eurasian Serotine,XC1054249-EPTSER_20250710_222209.wav,2,spectograms/XC1054249-EPTSER_20250710_222209.png
Eurasian Serotine,XC1046018-NYCNOC_20250611_221606.wav,2,spectograms/XC1046018-NYCNOC_20250611_221606.png
Eurasian Serotine,XC1046016-PIPPIP_20250519_234038-(1).wav,2,spectograms/XC1046016-PIPPIP_20250519_234038-(1).png
Eurasian Serotine,XC1033511-41620092_20250827225205.wav,2,spectograms/XC1033511-41620092_20250827225205.png
Eurasian Serotine,XC1030146-EPTSER_20250428_204023.wav,2,spectograms/XC1030146-EPTSER_20250428_204023.png
Eurasian Serotine,XC1030133-EPTSER_20250422_205627.wav,2,spectograms/XC1030133-EPTSER_20250422_205627.png
Eurasian Serotine,XC1025365-Laatvlieger-(en-kleine-dwerg).wav,2,spectograms/XC1025365-Laatvlieger-(en-kleine-dwerg).png
Eurasian Serotine,XC1017095-20250715_050427.wav,2,spectograms/XC1017095-20250715_050427.png
Eurasian Serotine,XC1017092-20250715_050420.wav,2,spectograms/XC1017092-20250715_050420.png
Eurasian Serotine,XC1017083-20250715_050321.wav,2,spectograms/XC1017083-20250715_050321.png
Eurasian Serotine,XC1017075-20250715_050247.wav,2,spectograms/XC1017075-20250715_050247.png
Eurasian Serotine,XC1017071-20250715_050225.wav,2,spectograms/XC1017071-20250715_050225.png
Eurasian Serotine,XC1017069-20250715_050210.wav,2,spectograms/XC1017069-20250715_050210.png
Eurasian Serotine,XC1017067-20250715_050154.wav,2,spectograms/XC1017067-20250715_050154.png
Eurasian Serotine,XC1017064-20250715_050124.wav,2,spectograms/XC1017064-20250715_050124.png
Eurasian Serotine,XC1017060-20250715_045309.wav,2,spectograms/XC1017060-20250715_045309.png
Eurasian Serotine,XC1017059-20250715_044616.wav,2,spectograms/XC1017059-20250715_044616.png
Eurasian Serotine,XC1017058-20250715_044605.wav,2,spectograms/XC1017058-20250715_044605.png
Eurasian Serotine,XC1017057-20250715_044335.wav,2,spectograms/XC1017057-20250715_044335.png
Eurasian Serotine,XC1017056-20250715_044219.wav,2,spectograms/XC1017056-20250715_044219.png
Eurasian Serotine,XC1016901-EPTSER_20250713_044050.wav,2,spectograms/XC1016901-EPTSER_20250713_044050.png
Eurasian Serotine,XC1016896-EPTSER_20250713_042928.wav,2,spectograms/XC1016896-EPTSER_20250713_042928.png
Eurasian Serotine,XC1016895-41621407_20250713042921.wav,2,spectograms/XC1016895-41621407_20250713042921.png
Eurasian Serotine,XC1016894-EPTSER_20250713_041603.wav,2,spectograms/XC1016894-EPTSER_20250713_041603.png
Eurasian Serotine,XC1016892-41621376_20250713042032.wav,2,spectograms/XC1016892-41621376_20250713042032.png
Eurasian Serotine,XC1016891-41621368_20250713041935.wav,2,spectograms/XC1016891-41621368_20250713041935.png
Eurasian Serotine,XC1016890-41621364_20250713041912.wav,2,spectograms/XC1016890-41621364_20250713041912.png
Eurasian Serotine,XC1016888-20250713_041853.wav,2,spectograms/XC1016888-20250713_041853.png
Eurasian Serotine,XC1016886-41621347_20250713041557.wav,2,spectograms/XC1016886-41621347_20250713041557.png
Eurasian Serotine,XC1016885-20250713_041525.wav,2,spectograms/XC1016885-20250713_041525.png
Eurasian Serotine,XC1016884-20250713_041335.wav,2,spectograms/XC1016884-20250713_041335.png
Eurasian Serotine,XC1016883-20250713_041240.wav,2,spectograms/XC1016883-20250713_041240.png
Eurasian Serotine,XC1016882-EPTSER_20250713_041210.wav,2,spectograms/XC1016882-EPTSER_20250713_041210.png
Eurasian Serotine,XC1016881-EPTSER_20250713_041142.wav,2,spectograms/XC1016881-EPTSER_20250713_041142.png
Eurasian Serotine,XC1016879-EPTSER_20250713_041128.wav,2,spectograms/XC1016879-EPTSER_20250713_041128.png
Eurasian Serotine,XC1016878-20250713_041115.wav,2,spectograms/XC1016878-20250713_041115.png
Eurasian Serotine,XC1016876-EPTSER_20250713_040935.wav,2,spectograms/XC1016876-EPTSER_20250713_040935.png
Eurasian Serotine,XC1016875-EPTSER_20250713_040917.wav,2,spectograms/XC1016875-EPTSER_20250713_040917.png
Eurasian Serotine,XC1016873-20250713_040847.wav,2,spectograms/XC1016873-20250713_040847.png
Eurasian Serotine,XC1016871-EPTSER_20250713_040517.wav,2,spectograms/XC1016871-EPTSER_20250713_040517.png
Eurasian Serotine,XC1016870-20250713_040447.wav,2,spectograms/XC1016870-20250713_040447.png
Eurasian Serotine,XC1016869-20250713_040432.wav,2,spectograms/XC1016869-20250713_040432.png
Eurasian Serotine,XC1016867-EPTSER_20250713_040247.wav,2,spectograms/XC1016867-EPTSER_20250713_040247.png
Eurasian Serotine,XC1016865-20250713_040212.wav,2,spectograms/XC1016865-20250713_040212.png
Eurasian Serotine,XC1016864-EPTSER_20250713_040143.wav,2,spectograms/XC1016864-EPTSER_20250713_040143.png
Eurasian Serotine,XC1016862-20250713_040127.wav,2,spectograms/XC1016862-20250713_040127.png
Eurasian Serotine,XC1016861-EPTSER_20250713_040040.wav,2,spectograms/XC1016861-EPTSER_20250713_040040.png
Eurasian Serotine,XC1015579-41621475_20250712032517.wav,2,spectograms/XC1015579-41621475_20250712032517.png
Eurasian Serotine,XC1015575-41621492_20250712033022.wav,2,spectograms/XC1015575-41621492_20250712033022.png
Eurasian Serotine,XC1015569-EPTSER_20250712_033256.wav,2,spectograms/XC1015569-EPTSER_20250712_033256.png
Eurasian Serotine,XC1011134-26420278.wav,2,spectograms/XC1011134-26420278.png
Eurasian Serotine,XC1011133-26420278.wav,2,spectograms/XC1011133-26420278.png
Eurasian Serotine,XC1010897-26420269.wav,2,spectograms/XC1010897-26420269.png
Eurasian Serotine,XC1010896-EPTSER_20250701_031442.wav,2,spectograms/XC1010896-EPTSER_20250701_031442.png
Eurasian Serotine,XC1007519-20250616_235606.wav,2,spectograms/XC1007519-20250616_235606.png
Eurasian Serotine,XC1007518-26420546.wav,2,spectograms/XC1007518-26420546.png
Eurasian Serotine,XC1006413-NYCLEI_20250614_001239.wav,2,spectograms/XC1006413-NYCLEI_20250614_001239.png
Eurasian Serotine,XC1001697-17020125.wav,2,spectograms/XC1001697-17020125.png
Eurasian Serotine,XC1001695-17020013.wav,2,spectograms/XC1001695-17020013.png
Eurasian Serotine,XC1001203-26420210.wav,2,spectograms/XC1001203-26420210.png
Eurasian Serotine,XC1001202-26420209.wav,2,spectograms/XC1001202-26420209.png
Eurasian Serotine,XC1001200-20250524_222150.wav,2,spectograms/XC1001200-20250524_222150.png
Eurasian Serotine,XC1001197-PIPPIP_20250524_221903.wav,2,spectograms/XC1001197-PIPPIP_20250524_221903.png
Eurasian Serotine,XC998998-26420681.wav,2,spectograms/XC998998-26420681.png
Eurasian Serotine,XC998997-26420519.wav,2,spectograms/XC998997-26420519.png
Eurasian Serotine,XC998995-26420279.wav,2,spectograms/XC998995-26420279.png
Eurasian Serotine,XC998994-26420278.wav,2,spectograms/XC998994-26420278.png
Eurasian Serotine,XC998992-26420275.wav,2,spectograms/XC998992-26420275.png
Eurasian Serotine,XC998990-26420223.wav,2,spectograms/XC998990-26420223.png
Eurasian Serotine,XC998989-26420214.wav,2,spectograms/XC998989-26420214.png
Eurasian Serotine,XC998988-26420207.wav,2,spectograms/XC998988-26420207.png
Eurasian Serotine,XC998720-26420445_20250514223150.wav,2,spectograms/XC998720-26420445_20250514223150.png
Eurasian Serotine,XC998719-26420412_20250514222636.wav,2,spectograms/XC998719-26420412_20250514222636.png
Eurasian Serotine,XC998717-26420346_20250514221609.wav,2,spectograms/XC998717-26420346_20250514221609.png
Eurasian Serotine,XC984203-eptesicus_serotinus_bialystok_podlaskie_20250330_192844.wav,2,spectograms/XC984203-eptesicus_serotinus_bialystok_podlaskie_20250330_192844.png
Eurasian Serotine,XC984202-eptesicus_serotinus_bialystok_podlaskie_20250330_192819.wav,2,spectograms/XC984202-eptesicus_serotinus_bialystok_podlaskie_20250330_192819.png
Eurasian Serotine,XC1040980-eptesicus_serotinus_siemianowka_podlaskie_20250920_191425.wav,2,spectograms/XC1040980-eptesicus_serotinus_siemianowka_podlaskie_20250920_191425.png
Eurasian Serotine,XC1034196-EPTSER_20250831_002957.wav,2,spectograms/XC1034196-EPTSER_20250831_002957.png
Eurasian Serotine,XC1029056-EPTSER_20250814_212838.wav,2,spectograms/XC1029056-EPTSER_20250814_212838.png
Eurasian Serotine,XC1028298-2025-08-11e.wav,2,spectograms/XC1028298-2025-08-11e.png
Eurasian Serotine,XC1028296-2025-08-11c.wav,2,spectograms/XC1028296-2025-08-11c.png
Eurasian Serotine,XC1028295-2025-08-11b.wav,2,spectograms/XC1028295-2025-08-11b.png
Eurasian Serotine,XC1028294-2025-08-11a.wav,2,spectograms/XC1028294-2025-08-11a.png
Eurasian Serotine,XC1026366-DEV_002_20250701_223217.wav,2,spectograms/XC1026366-DEV_002_20250701_223217.png
Eurasian Serotine,XC1018536-2025-07-21b.wav,2,spectograms/XC1018536-2025-07-21b.png
Eurasian Serotine,XC1018473-2025-07-21a.wav,2,spectograms/XC1018473-2025-07-21a.png
Eurasian Serotine,XC1017414-26421055_20250719005505.wav,2,spectograms/XC1017414-26421055_20250719005505.png
Eurasian Serotine,XC1017062-20250715_050109.wav,2,spectograms/XC1017062-20250715_050109.png
Eurasian Serotine,XC1016887-41621361_20250713041846.wav,2,spectograms/XC1016887-41621361_20250713041846.png
Eurasian Serotine,XC1016877-EPTSER_20250713_041026.wav,2,spectograms/XC1016877-EPTSER_20250713_041026.png
Eurasian Serotine,XC998996-26420291.wav,2,spectograms/XC998996-26420291.png
Eurasian Serotine,XC998993-26420277.wav,2,spectograms/XC998993-26420277.png
Eurasian Serotine,XC998991-26420274.wav,2,spectograms/XC998991-26420274.png
Eurasian Serotine,XC936309-Fabienne-Schwab---Sportlaan-Beilen.wav,2,spectograms/XC936309-Fabienne-Schwab---Sportlaan-Beilen.png
Eurasian Serotine,XC945891-M000849.wav,2,spectograms/XC945891-M000849.png
Eurasian Serotine,XC944843-M002289.wav,2,spectograms/XC944843-M002289.png
Eurasian Serotine,XC944831-M000091.wav,2,spectograms/XC944831-M000091.png
Eurasian Serotine,XC944830-M000049.wav,2,spectograms/XC944830-M000049.png
Eurasian Serotine,XC923069-EPTSER_20240724_223042.wav,2,spectograms/XC923069-EPTSER_20240724_223042.png
Eurasian Serotine,XC920292-VESMUR_20240707_223907.wav,2,spectograms/XC920292-VESMUR_20240707_223907.png
Eurasian Serotine,XC914886-Distress-call---Olivier-van-Aken.wav,2,spectograms/XC914886-Distress-call---Olivier-van-Aken.png
Eurasian Serotine,XC913356-Feeding-buzz---Nils-Reinerie-(3).wav,2,spectograms/XC913356-Feeding-buzz---Nils-Reinerie-(3).png
Eurasian Serotine,XC913125-EPTSER_20240531_223818.wav,2,spectograms/XC913125-EPTSER_20240531_223818.png
Eurasian Serotine,XC913114-EPTSER_20240531_222212.wav,2,spectograms/XC913114-EPTSER_20240531_222212.png
Eurasian Serotine,XC912083-Echolocation---Nanieke-van-den-Berg.wav,2,spectograms/XC912083-Echolocation---Nanieke-van-den-Berg.png
Eurasian Serotine,XC911595-Social-calls-(m.-roost)-1---Sander-Boersma.wav,2,spectograms/XC911595-Social-calls-(m.-roost)-1---Sander-Boersma.png
Eurasian Serotine,XC911594-26420008.wav,2,spectograms/XC911594-26420008.png
Eurasian Serotine,XC911593-26420007_20240520204454.wav,2,spectograms/XC911593-26420007_20240520204454.png
Eurasian Serotine,XC911592-26420006.wav,2,spectograms/XC911592-26420006.png
Eurasian Serotine,XC911591-Social-calls-(m.-roost)-3---Sander-Boersma.wav,2,spectograms/XC911591-Social-calls-(m.-roost)-3---Sander-Boersma.png
Eurasian Serotine,XC911590-Social-calls-(m.-roost)-2---Sander-Boersma.wav,2,spectograms/XC911590-Social-calls-(m.-roost)-2---Sander-Boersma.png
Eurasian Serotine,XC911588-Echolocation-(m.-roost-+-social-14-18-min)---Sander-Boersma.wav,2,spectograms/XC911588-Echolocation-(m.-roost-+-social-14-18-min)---Sander-Boersma.png
Eurasian Serotine,XC910954-Feeding-buzz-(huge)---Romee-Bleijenberg.wav,2,spectograms/XC910954-Feeding-buzz-(huge)---Romee-Bleijenberg.png
Eurasian Serotine,XC905766-EPTSER_20240523_232530.wav,2,spectograms/XC905766-EPTSER_20240523_232530.png
Eurasian Serotine,XC841477-EPTSER_20230616_230219.wav,2,spectograms/XC841477-EPTSER_20230616_230219.png
Eurasian Serotine,XC841472-EPTSER_20230616_223638.wav,2,spectograms/XC841472-EPTSER_20230616_223638.png
Eurasian Serotine,XC841468-NoID_20230616_230241.wav,2,spectograms/XC841468-NoID_20230616_230241.png
Eurasian Serotine,XC841465-EPTSER_20230616_225143.wav,2,spectograms/XC841465-EPTSER_20230616_225143.png
Eurasian Serotine,XC841462-EPTSER_20230616_230149.wav,2,spectograms/XC841462-EPTSER_20230616_230149.png
Eurasian Serotine,XC823176-EPTSER_20230816_213727.wav,2,spectograms/XC823176-EPTSER_20230816_213727.png
Eurasian Serotine,XC822596-eser_20230810_222500_burda.wav,2,spectograms/XC822596-eser_20230810_222500_burda.png
Eurasian Serotine,XC822592-EPTSER_20230810_212601.wav,2,spectograms/XC822592-EPTSER_20230810_212601.png
Eurasian Serotine,XC822572-ESER_20230811_2347.wav,2,spectograms/XC822572-ESER_20230811_2347.png
Eurasian Serotine,XC822312-laatvliegerPaal2222jun30.wav,2,spectograms/XC822312-laatvliegerPaal2222jun30.png
Eurasian Serotine,XC822135-laatvlieger2259audiom.wav,2,spectograms/XC822135-laatvlieger2259audiom.png
Eurasian Serotine,XC809849-VESMUR_20230613_232130.wav,2,spectograms/XC809849-VESMUR_20230613_232130.png
Eurasian Serotine,XC809282-EPTSER_20230616_230149.wav,2,spectograms/XC809282-EPTSER_20230616_230149.png
Eurasian Serotine,XC937312-20240711_221800laatvlieger_buzzChew.wav,2,spectograms/XC937312-20240711_221800laatvlieger_buzzChew.png
Eurasian Serotine,XC928554-Sérotine-commune.wav,2,spectograms/XC928554-Sérotine-commune.png
Eurasian Serotine,XC923737-EPTSER_20240724_221823.wav,2,spectograms/XC923737-EPTSER_20240724_221823.png
Eurasian Serotine,XC923736-EPTSER_20240724_221816.wav,2,spectograms/XC923736-EPTSER_20240724_221816.png
Eurasian Serotine,XC917874-20220816_053040.wav,2,spectograms/XC917874-20220816_053040.png
Eurasian Serotine,XC917433-f1d1f159-488c-492d-942e-a9d958b38f07.wav,2,spectograms/XC917433-f1d1f159-488c-492d-942e-a9d958b38f07.png
Eurasian Serotine,XC911601-High-frequency---Hannah-Floor.wav,2,spectograms/XC911601-High-frequency---Hannah-Floor.png
Eurasian Serotine,XC911587-Echolocation-(m.-roost-+-social-11-14-min)---Sander-Boersma.wav,2,spectograms/XC911587-Echolocation-(m.-roost-+-social-11-14-min)---Sander-Boersma.png
Eurasian Serotine,XC911369-Feeding-buzz---Sander-Boersma.wav,2,spectograms/XC911369-Feeding-buzz---Sander-Boersma.png
Eurasian Serotine,XC910879-Distress-call---Sarah-Mahie.wav,2,spectograms/XC910879-Distress-call---Sarah-Mahie.png
Eurasian Serotine,XC836842-M000151.wav,2,spectograms/XC836842-M000151.png
Eurasian Serotine,XC832180-EPTSER_20230920_200415_edit.wav,2,spectograms/XC832180-EPTSER_20230920_200415_edit.png
Eurasian Serotine,XC822079-laatvliegerBuzz2259.wav,2,spectograms/XC822079-laatvliegerBuzz2259.png
Eurasian Serotine,XC805695-6_Car390931-2021-Pass1-A1-011693-SINIQ_20210617_024610_406_EPTSER_SUR.wav,2,spectograms/XC805695-6_Car390931-2021-Pass1-A1-011693-SINIQ_20210617_024610_406_EPTSER_SUR.png
Savi's Pipistrelle,XC1061990-Orfeas-D500-28to29June2020-M16109.wav,7,spectograms/XC1061990-Orfeas-D500-28to29June2020-M16109.png
Savi's Pipistrelle,XC1061989-Orfeas-D500-28to29June2020-M16092.wav,7,spectograms/XC1061989-Orfeas-D500-28to29June2020-M16092.png
Savi's Pipistrelle,XC1061985-Orfeas-D500-23to24Aug2020-M03544.wav,7,spectograms/XC1061985-Orfeas-D500-23to24Aug2020-M03544.png
Savi's Pipistrelle,XC1061976-Orfeas-D500-23to24Aug2020-M03160.wav,7,spectograms/XC1061976-Orfeas-D500-23to24Aug2020-M03160.png
Savi's Pipistrelle,XC1061975-Orfeas-D500-23to24Aug2020-M03159.wav,7,spectograms/XC1061975-Orfeas-D500-23to24Aug2020-M03159.png
Savi's Pipistrelle,XC1061970-Orfeas-D500-23to24Aug2020-M02615.wav,7,spectograms/XC1061970-Orfeas-D500-23to24Aug2020-M02615.png
Savi's Pipistrelle,XC1061967-Orfeas-D500-22to23Aug2020-M01257.wav,7,spectograms/XC1061967-Orfeas-D500-22to23Aug2020-M01257.png
Savi's Pipistrelle,XC1061966-Orfeas-D500-22to23Aug2020-M01256.wav,7,spectograms/XC1061966-Orfeas-D500-22to23Aug2020-M01256.png
Savi's Pipistrelle,XC1061965-Orfeas-D500-22to23Aug2020-M01253.wav,7,spectograms/XC1061965-Orfeas-D500-22to23Aug2020-M01253.png
Savi's Pipistrelle,XC1061964-Orfeas-D500-22to23Aug2020-M01063.wav,7,spectograms/XC1061964-Orfeas-D500-22to23Aug2020-M01063.png
Savi's Pipistrelle,XC1061963-Orfeas-D500-22to23Aug2020-M01061.wav,7,spectograms/XC1061963-Orfeas-D500-22to23Aug2020-M01061.png
Savi's Pipistrelle,XC1061962-Orfeas-D500-22to23Aug2020-M01059.wav,7,spectograms/XC1061962-Orfeas-D500-22to23Aug2020-M01059.png
Savi's Pipistrelle,XC1061961-Orfeas-D500-22to23Aug2020-M01049.wav,7,spectograms/XC1061961-Orfeas-D500-22to23Aug2020-M01049.png
Savi's Pipistrelle,XC1061960-Orfeas-D500-22to23Aug2020-M00863.wav,7,spectograms/XC1061960-Orfeas-D500-22to23Aug2020-M00863.png
Savi's Pipistrelle,XC1061959-Orfeas-D500-22to23Aug2020-M00862.wav,7,spectograms/XC1061959-Orfeas-D500-22to23Aug2020-M00862.png
Savi's Pipistrelle,XC1061958-Orfeas-D500-22to23Aug2020-M00859.wav,7,spectograms/XC1061958-Orfeas-D500-22to23Aug2020-M00859.png
Savi's Pipistrelle,XC1061955-Orfeas-D500-22to23Aug2020-M00639.wav,7,spectograms/XC1061955-Orfeas-D500-22to23Aug2020-M00639.png
Savi's Pipistrelle,XC1061947-Orfeas-D500-22to23Aug2020-M00309.wav,7,spectograms/XC1061947-Orfeas-D500-22to23Aug2020-M00309.png
Savi's Pipistrelle,XC1061946-Orfeas-D500-22to23Aug2020-M00308.wav,7,spectograms/XC1061946-Orfeas-D500-22to23Aug2020-M00308.png
Savi's Pipistrelle,XC1061944-Orfeas-D500-22to23Aug2020-M00237.wav,7,spectograms/XC1061944-Orfeas-D500-22to23Aug2020-M00237.png
Savi's Pipistrelle,XC1061942-Orfeas-D500-22to23Aug2020-M00235.wav,7,spectograms/XC1061942-Orfeas-D500-22to23Aug2020-M00235.png
Savi's Pipistrelle,XC1061924-Orfeas-D500-14to15May2020-M01703.wav,7,spectograms/XC1061924-Orfeas-D500-14to15May2020-M01703.png
Savi's Pipistrelle,XC1061923-Orfeas-D500-14to15May2020-M01701.wav,7,spectograms/XC1061923-Orfeas-D500-14to15May2020-M01701.png
Savi's Pipistrelle,XC1061922-Orfeas-D500-14to15May2020-M01700.wav,7,spectograms/XC1061922-Orfeas-D500-14to15May2020-M01700.png
Savi's Pipistrelle,XC1061921-Orfeas-D500-14to15May2020-M01699.wav,7,spectograms/XC1061921-Orfeas-D500-14to15May2020-M01699.png
Savi's Pipistrelle,XC1061920-Orfeas-D500-14to15May2020-M01698.wav,7,spectograms/XC1061920-Orfeas-D500-14to15May2020-M01698.png
Savi's Pipistrelle,XC1061856-Orfeas-D500-13to14May2020-M01200.wav,7,spectograms/XC1061856-Orfeas-D500-13to14May2020-M01200.png
Savi's Pipistrelle,XC1061803-Orfeas-D500-13to14May2020-M00368.wav,7,spectograms/XC1061803-Orfeas-D500-13to14May2020-M00368.png
Savi's Pipistrelle,XC1060721-Hsavii-Paparitsa2021-sc-M00049.wav,7,spectograms/XC1060721-Hsavii-Paparitsa2021-sc-M00049.png
Savi's Pipistrelle,XC1060652-Hypsav-Paparitsa-June2022--M01725.wav,7,spectograms/XC1060652-Hypsav-Paparitsa-June2022--M01725.png
Savi's Pipistrelle,XC1060651-Hypsav-Paparitsa-June2022--M01724.wav,7,spectograms/XC1060651-Hypsav-Paparitsa-June2022--M01724.png
Savi's Pipistrelle,XC1060650-Hypsav-Paparitsa-June2022--M01602.wav,7,spectograms/XC1060650-Hypsav-Paparitsa-June2022--M01602.png
Savi's Pipistrelle,XC1060649-Hypsav-Paparitsa-June2022--M01336.wav,7,spectograms/XC1060649-Hypsav-Paparitsa-June2022--M01336.png
Savi's Pipistrelle,XC1060648-Hypsav-Paparitsa-June2022--M01335.wav,7,spectograms/XC1060648-Hypsav-Paparitsa-June2022--M01335.png
Savi's Pipistrelle,XC1060647-Hypsav-Paparitsa-June2022--M01333.wav,7,spectograms/XC1060647-Hypsav-Paparitsa-June2022--M01333.png
Savi's Pipistrelle,XC1060646-Hypsav-Paparitsa-June2022--M01325.wav,7,spectograms/XC1060646-Hypsav-Paparitsa-June2022--M01325.png
Savi's Pipistrelle,XC1060645-Hypsav-Paparitsa-June2022--M01322.wav,7,spectograms/XC1060645-Hypsav-Paparitsa-June2022--M01322.png
Savi's Pipistrelle,XC1060644-Hypsav-Paparitsa-June2022--M00305.wav,7,spectograms/XC1060644-Hypsav-Paparitsa-June2022--M00305.png
Savi's Pipistrelle,XC1060643-Hypsav-Paparitsa-June2022--M00293.wav,7,spectograms/XC1060643-Hypsav-Paparitsa-June2022--M00293.png
Savi's Pipistrelle,XC1060642-Hypsav-Paparitsa-June2022--M00250.wav,7,spectograms/XC1060642-Hypsav-Paparitsa-June2022--M00250.png
Savi's Pipistrelle,XC1060641-Hypsav-Paparitsa-June2022--M00249.wav,7,spectograms/XC1060641-Hypsav-Paparitsa-June2022--M00249.png
Savi's Pipistrelle,XC1060640-Hypsav-Paparitsa-June2022--M00210.wav,7,spectograms/XC1060640-Hypsav-Paparitsa-June2022--M00210.png
Savi's Pipistrelle,XC1060576-Hypsav-AgApostol_20250709_224545.wav,7,spectograms/XC1060576-Hypsav-AgApostol_20250709_224545.png
Savi's Pipistrelle,XC1058067-Hsavii-SOUDA-04_20210822_203914.wav,7,spectograms/XC1058067-Hsavii-SOUDA-04_20210822_203914.png
Savi's Pipistrelle,XC1058066-Hsavii-SOUDA-04_20210819_215620.wav,7,spectograms/XC1058066-Hsavii-SOUDA-04_20210819_215620.png
Savi's Pipistrelle,XC1058065-Hsavii-SOUDA-04_20210819_203347.wav,7,spectograms/XC1058065-Hsavii-SOUDA-04_20210819_203347.png
Savi's Pipistrelle,XC1058064-Hsavii-SOUDA-04_20210816_205639.wav,7,spectograms/XC1058064-Hsavii-SOUDA-04_20210816_205639.png
Savi's Pipistrelle,XC1058063-Hsavii-SOUDA-04_20210812_025424.wav,7,spectograms/XC1058063-Hsavii-SOUDA-04_20210812_025424.png
Savi's Pipistrelle,XC1058062-Hsavii-SOUDA-04_20210811_231149.wav,7,spectograms/XC1058062-Hsavii-SOUDA-04_20210811_231149.png
Savi's Pipistrelle,XC1058061-Hsavii-SOUDA-04_20210811_231139.wav,7,spectograms/XC1058061-Hsavii-SOUDA-04_20210811_231139.png
Savi's Pipistrelle,XC1058060-Hsavii-SOUDA-04_20210807_205400.wav,7,spectograms/XC1058060-Hsavii-SOUDA-04_20210807_205400.png
Savi's Pipistrelle,XC1058059-Hsavii-SOUDA-04_20210805_005402.wav,7,spectograms/XC1058059-Hsavii-SOUDA-04_20210805_005402.png
Savi's Pipistrelle,XC1058058-Hsavii-SOUDA-04_20210801_211154.wav,7,spectograms/XC1058058-Hsavii-SOUDA-04_20210801_211154.png
Savi's Pipistrelle,XC1058057-Hsavii-SOUDA-04_20210801_210445.wav,7,spectograms/XC1058057-Hsavii-SOUDA-04_20210801_210445.png
Savi's Pipistrelle,XC1058056-Hsavii-SOUDA-04_20210731_230629.wav,7,spectograms/XC1058056-Hsavii-SOUDA-04_20210731_230629.png
Savi's Pipistrelle,XC1058055-Hsavii-SOUDA-04_20210731_212617.wav,7,spectograms/XC1058055-Hsavii-SOUDA-04_20210731_212617.png
Savi's Pipistrelle,XC1058054-Hsavii-SOUDA-04_20210728_235124.wav,7,spectograms/XC1058054-Hsavii-SOUDA-04_20210728_235124.png
Savi's Pipistrelle,XC1058053-Hsavii-SOUDA-04_20210727_211354.wav,7,spectograms/XC1058053-Hsavii-SOUDA-04_20210727_211354.png
Savi's Pipistrelle,XC1058052-Hsavii-SOUDA-04_20210727_211344.wav,7,spectograms/XC1058052-Hsavii-SOUDA-04_20210727_211344.png
Savi's Pipistrelle,XC1058051-Hsavii-SOUDA-04_20210725_211006.wav,7,spectograms/XC1058051-Hsavii-SOUDA-04_20210725_211006.png
Savi's Pipistrelle,XC1058050-Hsavii-SOUDA-04_20210722_211323_000.wav,7,spectograms/XC1058050-Hsavii-SOUDA-04_20210722_211323_000.png
Savi's Pipistrelle,XC1058049-Hsavii-SOUDA-04_20210721_230525_999.wav,7,spectograms/XC1058049-Hsavii-SOUDA-04_20210721_230525_999.png
Savi's Pipistrelle,XC1058048-Hsavii-SOUDA-04_20210721_224329_000.wav,7,spectograms/XC1058048-Hsavii-SOUDA-04_20210721_224329_000.png
Savi's Pipistrelle,XC1058047-Hsavii-SOUDA-04_20210721_212453_000.wav,7,spectograms/XC1058047-Hsavii-SOUDA-04_20210721_212453_000.png
Savi's Pipistrelle,XC1058046-Hsavii-SOUDA-04_20210721_212232_000.wav,7,spectograms/XC1058046-Hsavii-SOUDA-04_20210721_212232_000.png
Savi's Pipistrelle,XC1058045-Hsavii-SOUDA-04_20210719_002340_999.wav,7,spectograms/XC1058045-Hsavii-SOUDA-04_20210719_002340_999.png
Savi's Pipistrelle,XC1058044-Hsavii-SOUDA-04_20210719_002336_000.wav,7,spectograms/XC1058044-Hsavii-SOUDA-04_20210719_002336_000.png
Savi's Pipistrelle,XC1058043-Hsavii-SOUDA-04_20210719_002331_000.wav,7,spectograms/XC1058043-Hsavii-SOUDA-04_20210719_002331_000.png
Savi's Pipistrelle,XC1058042-Hsavii-SOUDA-04_20210718_231131_999.wav,7,spectograms/XC1058042-Hsavii-SOUDA-04_20210718_231131_999.png
Savi's Pipistrelle,XC1058041-Hsavii-SOUDA-04_20210717_013121_999.wav,7,spectograms/XC1058041-Hsavii-SOUDA-04_20210717_013121_999.png
Savi's Pipistrelle,XC1058040-Hsavii-SOUDA-04_20210714_224314_000.wav,7,spectograms/XC1058040-Hsavii-SOUDA-04_20210714_224314_000.png
Savi's Pipistrelle,XC1058039-Hsavii-SOUDA-04_20210714_212422_000.wav,7,spectograms/XC1058039-Hsavii-SOUDA-04_20210714_212422_000.png
Savi's Pipistrelle,XC1058038-Hsavii-SOUDA-04_20210713_054354_000.wav,7,spectograms/XC1058038-Hsavii-SOUDA-04_20210713_054354_000.png
Savi's Pipistrelle,XC1058037-Hsavii-SOUDA-04_20210712_233638_000.wav,7,spectograms/XC1058037-Hsavii-SOUDA-04_20210712_233638_000.png
Savi's Pipistrelle,XC1058036-Hsavii-SOUDA-04_20210712_233633_000.wav,7,spectograms/XC1058036-Hsavii-SOUDA-04_20210712_233633_000.png
Savi's Pipistrelle,XC1058035-Hsavii-SOUDA-04_20210712_220543_000.wav,7,spectograms/XC1058035-Hsavii-SOUDA-04_20210712_220543_000.png
Savi's Pipistrelle,XC1058034-Hsavii-SOUDA-04_20210712_213738_000.wav,7,spectograms/XC1058034-Hsavii-SOUDA-04_20210712_213738_000.png
Savi's Pipistrelle,XC1058033-Hsavii-SOUDA-04_20210710_222258_000.wav,7,spectograms/XC1058033-Hsavii-SOUDA-04_20210710_222258_000.png
Savi's Pipistrelle,XC1058032-Hsavii-SOUDA-04_20210709_015958_000.wav,7,spectograms/XC1058032-Hsavii-SOUDA-04_20210709_015958_000.png
Savi's Pipistrelle,XC1058031-Hsavii-SOUDA-04_20210708_235423_000.wav,7,spectograms/XC1058031-Hsavii-SOUDA-04_20210708_235423_000.png
Savi's Pipistrelle,XC1058030-Hsavii-SOUDA-04_20210708_235418_000.wav,7,spectograms/XC1058030-Hsavii-SOUDA-04_20210708_235418_000.png
Savi's Pipistrelle,XC1058029-Hsavii-SOUDA-04_20210708_212952_000.wav,7,spectograms/XC1058029-Hsavii-SOUDA-04_20210708_212952_000.png
Savi's Pipistrelle,XC1058028-Hsavii-SOUDA-04_20210708_003636_000.wav,7,spectograms/XC1058028-Hsavii-SOUDA-04_20210708_003636_000.png
Savi's Pipistrelle,XC1058027-Hsavii-SOUDA-04_20210706_030901_000.wav,7,spectograms/XC1058027-Hsavii-SOUDA-04_20210706_030901_000.png
Savi's Pipistrelle,XC1058026-Hsavii-SOUDA-04_20210706_011839_000.wav,7,spectograms/XC1058026-Hsavii-SOUDA-04_20210706_011839_000.png
Savi's Pipistrelle,XC1058025-Hsavii-SOUDA-04_20210706_010615_000.wav,7,spectograms/XC1058025-Hsavii-SOUDA-04_20210706_010615_000.png
Savi's Pipistrelle,XC1058024-Hsavii-SOUDA-04_20210706_010554_000.wav,7,spectograms/XC1058024-Hsavii-SOUDA-04_20210706_010554_000.png
Savi's Pipistrelle,XC1058023-Hsavii-SOUDA-04_20210706_000916_000.wav,7,spectograms/XC1058023-Hsavii-SOUDA-04_20210706_000916_000.png
Savi's Pipistrelle,XC1058022-Hsavii-SOUDA-04_20210705_212022_000.wav,7,spectograms/XC1058022-Hsavii-SOUDA-04_20210705_212022_000.png
Savi's Pipistrelle,XC1058021-Hsavii-SOUDA-04_20210705_044455_000.wav,7,spectograms/XC1058021-Hsavii-SOUDA-04_20210705_044455_000.png
Savi's Pipistrelle,XC1058020-Hsavii-SOUDA-04_20210705_001726_000.wav,7,spectograms/XC1058020-Hsavii-SOUDA-04_20210705_001726_000.png
Savi's Pipistrelle,XC1058019-Hsavii-SOUDA-04_20210704_225342_000.wav,7,spectograms/XC1058019-Hsavii-SOUDA-04_20210704_225342_000.png
Savi's Pipistrelle,XC1058018-Hsavii-SOUDA-04_20210704_052246_000.wav,7,spectograms/XC1058018-Hsavii-SOUDA-04_20210704_052246_000.png
Savi's Pipistrelle,XC1058017-Hsavii-SOUDA-04_20210704_052241_000.wav,7,spectograms/XC1058017-Hsavii-SOUDA-04_20210704_052241_000.png
Savi's Pipistrelle,XC1058016-Hsavii-SOUDA-04_20210704_051518_000.wav,7,spectograms/XC1058016-Hsavii-SOUDA-04_20210704_051518_000.png
Savi's Pipistrelle,XC1058015-Hsavii-SOUDA-04_20210704_051513_000.wav,7,spectograms/XC1058015-Hsavii-SOUDA-04_20210704_051513_000.png
Savi's Pipistrelle,XC1058014-Hsavii-SOUDA-04_20210704_010131_000.wav,7,spectograms/XC1058014-Hsavii-SOUDA-04_20210704_010131_000.png
Savi's Pipistrelle,XC1058013-Hsavii-SOUDA-04_20210704_010126_000.wav,7,spectograms/XC1058013-Hsavii-SOUDA-04_20210704_010126_000.png
Savi's Pipistrelle,XC1058012-Hsavii-SOUDA-04_20210703_221829_000.wav,7,spectograms/XC1058012-Hsavii-SOUDA-04_20210703_221829_000.png
Savi's Pipistrelle,XC1058011-Hsavii-SOUDA-04_20210703_215538_000.wav,7,spectograms/XC1058011-Hsavii-SOUDA-04_20210703_215538_000.png
Savi's Pipistrelle,XC1058010-Hsavii-SOUDA-04_20210702_014356_000.wav,7,spectograms/XC1058010-Hsavii-SOUDA-04_20210702_014356_000.png
Savi's Pipistrelle,XC1058009-Hsavii-SOUDA-04_20210702_014351_000.wav,7,spectograms/XC1058009-Hsavii-SOUDA-04_20210702_014351_000.png
Savi's Pipistrelle,XC1058008-Hsavii-SOUDA-04_20210701_224858_000.wav,7,spectograms/XC1058008-Hsavii-SOUDA-04_20210701_224858_000.png
Savi's Pipistrelle,XC1058007-Hsavii-SOUDA-04_20210701_030254_000.wav,7,spectograms/XC1058007-Hsavii-SOUDA-04_20210701_030254_000.png
Savi's Pipistrelle,XC1058006-Hsavii-SOUDA-04_20210701_000834_999.wav,7,spectograms/XC1058006-Hsavii-SOUDA-04_20210701_000834_999.png
Savi's Pipistrelle,XC1058005-Hsavii-SOUDA-04_20210701_000830_000.wav,7,spectograms/XC1058005-Hsavii-SOUDA-04_20210701_000830_000.png
Savi's Pipistrelle,XC1058004-Hsavii-SOUDA-04_20210701_000825_000.wav,7,spectograms/XC1058004-Hsavii-SOUDA-04_20210701_000825_000.png
Savi's Pipistrelle,XC1058003-Hsavii-SOUDA-04_20210701_000817_999.wav,7,spectograms/XC1058003-Hsavii-SOUDA-04_20210701_000817_999.png
Savi's Pipistrelle,XC1058002-Hsavii-SOUDA-04_20210701_000813_000.wav,7,spectograms/XC1058002-Hsavii-SOUDA-04_20210701_000813_000.png
Savi's Pipistrelle,XC1058001-Hsavii-SOUDA-04_20210630_220737_999.wav,7,spectograms/XC1058001-Hsavii-SOUDA-04_20210630_220737_999.png
Savi's Pipistrelle,XC1058000-Hsavii-SOUDA-04_20210630_220733_000.wav,7,spectograms/XC1058000-Hsavii-SOUDA-04_20210630_220733_000.png
Savi's Pipistrelle,XC1057999-Hsavii-SOUDA-04_20210630_220728_000.wav,7,spectograms/XC1057999-Hsavii-SOUDA-04_20210630_220728_000.png
Savi's Pipistrelle,XC1057998-Hsavii-SOUDA-04_20210630_215822_000.wav,7,spectograms/XC1057998-Hsavii-SOUDA-04_20210630_215822_000.png
Savi's Pipistrelle,XC1057997-Hsavii-SOUDA-04_20210630_215817_000.wav,7,spectograms/XC1057997-Hsavii-SOUDA-04_20210630_215817_000.png
Savi's Pipistrelle,XC1057996-Hsavii-SOUDA-04_20210630_015354_000.wav,7,spectograms/XC1057996-Hsavii-SOUDA-04_20210630_015354_000.png
Savi's Pipistrelle,XC1057995-Hsavii-SOUDA-04_20210630_012356_000.wav,7,spectograms/XC1057995-Hsavii-SOUDA-04_20210630_012356_000.png
Savi's Pipistrelle,XC1057994-Hsavii-SOUDA-04_20210630_012348_999.wav,7,spectograms/XC1057994-Hsavii-SOUDA-04_20210630_012348_999.png
Savi's Pipistrelle,XC1057993-Hsavii-SOUDA-04_20210630_012344_000.wav,7,spectograms/XC1057993-Hsavii-SOUDA-04_20210630_012344_000.png
Savi's Pipistrelle,XC1057992-Hsavii-SOUDA-04_20210629_052357_999.wav,7,spectograms/XC1057992-Hsavii-SOUDA-04_20210629_052357_999.png
Savi's Pipistrelle,XC1057991-Hsavii-SOUDA-04_20210629_052353_000.wav,7,spectograms/XC1057991-Hsavii-SOUDA-04_20210629_052353_000.png
Savi's Pipistrelle,XC1057990-Hsavii-SOUDA-04_20210629_034011_999.wav,7,spectograms/XC1057990-Hsavii-SOUDA-04_20210629_034011_999.png
Savi's Pipistrelle,XC1057989-Hsavii-SOUDA-04_20210629_034007_000.wav,7,spectograms/XC1057989-Hsavii-SOUDA-04_20210629_034007_000.png
Savi's Pipistrelle,XC1057988-Hsavii-SOUDA-04_20210629_034002_000.wav,7,spectograms/XC1057988-Hsavii-SOUDA-04_20210629_034002_000.png
Savi's Pipistrelle,XC1057987-Hsavii-SOUDA-04_20210628_052535_000.wav,7,spectograms/XC1057987-Hsavii-SOUDA-04_20210628_052535_000.png
Savi's Pipistrelle,XC1057986-Hsavii-SOUDA-04_20210628_051436_000.wav,7,spectograms/XC1057986-Hsavii-SOUDA-04_20210628_051436_000.png
Savi's Pipistrelle,XC1057985-Hsavii-SOUDA-04_20210628_051431_000.wav,7,spectograms/XC1057985-Hsavii-SOUDA-04_20210628_051431_000.png
Savi's Pipistrelle,XC1057984-Hsavii-SOUDA-04_20210628_034429_999.wav,7,spectograms/XC1057984-Hsavii-SOUDA-04_20210628_034429_999.png
Savi's Pipistrelle,XC1057983-Hsavii-SOUDA-04_20210628_034425_000.wav,7,spectograms/XC1057983-Hsavii-SOUDA-04_20210628_034425_000.png
Savi's Pipistrelle,XC1057982-Hsavii-SOUDA-04_20210628_034420_000.wav,7,spectograms/XC1057982-Hsavii-SOUDA-04_20210628_034420_000.png
Savi's Pipistrelle,XC1057981-Hsavii-SOUDA-04_20210628_000618_000.wav,7,spectograms/XC1057981-Hsavii-SOUDA-04_20210628_000618_000.png
Savi's Pipistrelle,XC1057980-Hsavii-SOUDA-04_20210626_214727_000.wav,7,spectograms/XC1057980-Hsavii-SOUDA-04_20210626_214727_000.png
Savi's Pipistrelle,XC1057979-Hsavii-SOUDA-04_20210626_014751_000.wav,7,spectograms/XC1057979-Hsavii-SOUDA-04_20210626_014751_000.png
Savi's Pipistrelle,XC1057978-Hsavii-SOUDA-04_20210626_000003_999.wav,7,spectograms/XC1057978-Hsavii-SOUDA-04_20210626_000003_999.png
Savi's Pipistrelle,XC1057977-Hsavii-SOUDA-04_20210625_235959_000.wav,7,spectograms/XC1057977-Hsavii-SOUDA-04_20210625_235959_000.png
Savi's Pipistrelle,XC1057976-Hsavii-SOUDA-04_20210625_235954_000.wav,7,spectograms/XC1057976-Hsavii-SOUDA-04_20210625_235954_000.png
Savi's Pipistrelle,XC1057975-Hsavii-SOUDA-04_20210625_234140_000.wav,7,spectograms/XC1057975-Hsavii-SOUDA-04_20210625_234140_000.png
Savi's Pipistrelle,XC1057974-Hsavii-SOUDA-04_20210625_234135_000.wav,7,spectograms/XC1057974-Hsavii-SOUDA-04_20210625_234135_000.png
Savi's Pipistrelle,XC1057973-Hsavii-SOUDA-04_20210625_045924_000.wav,7,spectograms/XC1057973-Hsavii-SOUDA-04_20210625_045924_000.png
Savi's Pipistrelle,XC1057972-Hsavii-SOUDA-04_20210625_033830_000.wav,7,spectograms/XC1057972-Hsavii-SOUDA-04_20210625_033830_000.png
Savi's Pipistrelle,XC1057971-Hsavii-SOUDA-04_20210625_033825_000.wav,7,spectograms/XC1057971-Hsavii-SOUDA-04_20210625_033825_000.png
Savi's Pipistrelle,XC1057970-Hsavii-SOUDA-04_20210625_005222_999.wav,7,spectograms/XC1057970-Hsavii-SOUDA-04_20210625_005222_999.png
Savi's Pipistrelle,XC1057969-Hsavii-SOUDA-04_20210624_033548_000.wav,7,spectograms/XC1057969-Hsavii-SOUDA-04_20210624_033548_000.png
Savi's Pipistrelle,XC1057968-Hsavii-SOUDA-04_20210623_234830_000.wav,7,spectograms/XC1057968-Hsavii-SOUDA-04_20210623_234830_000.png
Savi's Pipistrelle,XC1057967-Hsavii-SOUDA-04_20210623_012346_000.wav,7,spectograms/XC1057967-Hsavii-SOUDA-04_20210623_012346_000.png
Savi's Pipistrelle,XC1057966-Hsavii-SOUDA-04_20210623_012341_000.wav,7,spectograms/XC1057966-Hsavii-SOUDA-04_20210623_012341_000.png
Savi's Pipistrelle,XC1057965-Hsavii-SOUDA-04_20210622_215437_000.wav,7,spectograms/XC1057965-Hsavii-SOUDA-04_20210622_215437_000.png
Savi's Pipistrelle,XC1057964-Hsavii-SOUDA-04_20210622_033132_999.wav,7,spectograms/XC1057964-Hsavii-SOUDA-04_20210622_033132_999.png
Savi's Pipistrelle,XC1057963-Hsavii-SOUDA-04_20210622_033128_000.wav,7,spectograms/XC1057963-Hsavii-SOUDA-04_20210622_033128_000.png
Savi's Pipistrelle,XC1057962-Hsavii-SOUDA-04_20210622_012354_000.wav,7,spectograms/XC1057962-Hsavii-SOUDA-04_20210622_012354_000.png
Savi's Pipistrelle,XC1057961-Hsavii-SOUDA-04_20210622_012349_000.wav,7,spectograms/XC1057961-Hsavii-SOUDA-04_20210622_012349_000.png
Savi's Pipistrelle,XC1057960-Hsavii-SOUDA-04_20210622_004414_000.wav,7,spectograms/XC1057960-Hsavii-SOUDA-04_20210622_004414_000.png
Savi's Pipistrelle,XC1057959-Hsavii-SOUDA-04_20210622_002653_000.wav,7,spectograms/XC1057959-Hsavii-SOUDA-04_20210622_002653_000.png
Savi's Pipistrelle,XC1057958-Hsavii-SOUDA-04_20210622_002648_000.wav,7,spectograms/XC1057958-Hsavii-SOUDA-04_20210622_002648_000.png
Savi's Pipistrelle,XC1057957-Hsavii-SOUDA-04_20210620_220006_000.wav,7,spectograms/XC1057957-Hsavii-SOUDA-04_20210620_220006_000.png
Savi's Pipistrelle,XC1057956-Hsavii-SOUDA-04_20210620_030831_000.wav,7,spectograms/XC1057956-Hsavii-SOUDA-04_20210620_030831_000.png
Savi's Pipistrelle,XC1057955-Hsavii-SOUDA-04_20210620_020027_000.wav,7,spectograms/XC1057955-Hsavii-SOUDA-04_20210620_020027_000.png
Savi's Pipistrelle,XC1057954-Hsavii-SOUDA-04_20210620_020022_000.wav,7,spectograms/XC1057954-Hsavii-SOUDA-04_20210620_020022_000.png
Savi's Pipistrelle,XC1057952-Hsavii-SOUDA-04_20210620_015639_000.wav,7,spectograms/XC1057952-Hsavii-SOUDA-04_20210620_015639_000.png
Savi's Pipistrelle,XC1057951-Hsavii-SOUDA-04_20210620_015634_000.wav,7,spectograms/XC1057951-Hsavii-SOUDA-04_20210620_015634_000.png
Savi's Pipistrelle,XC1057950-Hsavii-SOUDA-04_20210620_015620_000.wav,7,spectograms/XC1057950-Hsavii-SOUDA-04_20210620_015620_000.png
Savi's Pipistrelle,XC1057949-Hsavii-SOUDA-04_20210620_010837_000.wav,7,spectograms/XC1057949-Hsavii-SOUDA-04_20210620_010837_000.png
Savi's Pipistrelle,XC1057948-Hsavii-SOUDA-04_20210620_010832_000.wav,7,spectograms/XC1057948-Hsavii-SOUDA-04_20210620_010832_000.png
Savi's Pipistrelle,XC1057947-Hsavii-SOUDA-04_20210620_010552_000.wav,7,spectograms/XC1057947-Hsavii-SOUDA-04_20210620_010552_000.png
Savi's Pipistrelle,XC1057946-Hsavii-SOUDA-04_20210620_010547_000.wav,7,spectograms/XC1057946-Hsavii-SOUDA-04_20210620_010547_000.png
Savi's Pipistrelle,XC1057945-Hsavii-SOUDA-04_20210619_213439_000.wav,7,spectograms/XC1057945-Hsavii-SOUDA-04_20210619_213439_000.png
Savi's Pipistrelle,XC1057944-Hsavii-SOUDA-04_20210619_213434_000.wav,7,spectograms/XC1057944-Hsavii-SOUDA-04_20210619_213434_000.png
Savi's Pipistrelle,XC1057943-Hsavii-SOUDA-04_20210619_054314_000.wav,7,spectograms/XC1057943-Hsavii-SOUDA-04_20210619_054314_000.png
Savi's Pipistrelle,XC1057942-Hsavii-SOUDA-04_20210619_054308_000.wav,7,spectograms/XC1057942-Hsavii-SOUDA-04_20210619_054308_000.png
Savi's Pipistrelle,XC1057941-Hsavii-SOUDA-04_20210619_054259_000.wav,7,spectograms/XC1057941-Hsavii-SOUDA-04_20210619_054259_000.png
Savi's Pipistrelle,XC1057940-Hsavii-SOUDA-04_20210619_054113_000.wav,7,spectograms/XC1057940-Hsavii-SOUDA-04_20210619_054113_000.png
Savi's Pipistrelle,XC1057939-Hsavii-SOUDA-04_20210619_054041_000.wav,7,spectograms/XC1057939-Hsavii-SOUDA-04_20210619_054041_000.png
Savi's Pipistrelle,XC1057938-Hsavii-SOUDA-04_20210619_053139_999.wav,7,spectograms/XC1057938-Hsavii-SOUDA-04_20210619_053139_999.png
Savi's Pipistrelle,XC1057937-Hsavii-SOUDA-04_20210619_053135_000.wav,7,spectograms/XC1057937-Hsavii-SOUDA-04_20210619_053135_000.png
Savi's Pipistrelle,XC1057936-Hsavii-SOUDA-04_20210619_053130_000.wav,7,spectograms/XC1057936-Hsavii-SOUDA-04_20210619_053130_000.png
Savi's Pipistrelle,XC1057935-Hsavii-SOUDA-04_20210619_053122_999.wav,7,spectograms/XC1057935-Hsavii-SOUDA-04_20210619_053122_999.png
Savi's Pipistrelle,XC1057934-Hsavii-SOUDA-04_20210619_053118_000.wav,7,spectograms/XC1057934-Hsavii-SOUDA-04_20210619_053118_000.png
Savi's Pipistrelle,XC1057933-Hsavii-SOUDA-04_20210619_053113_000.wav,7,spectograms/XC1057933-Hsavii-SOUDA-04_20210619_053113_000.png
Savi's Pipistrelle,XC1057932-Hsavii-SOUDA-04_20210619_053031_999.wav,7,spectograms/XC1057932-Hsavii-SOUDA-04_20210619_053031_999.png
Savi's Pipistrelle,XC1057931-Hsavii-SOUDA-04_20210619_053027_000.wav,7,spectograms/XC1057931-Hsavii-SOUDA-04_20210619_053027_000.png
Savi's Pipistrelle,XC1057930-Hsavii-SOUDA-04_20210619_053022_000.wav,7,spectograms/XC1057930-Hsavii-SOUDA-04_20210619_053022_000.png
Savi's Pipistrelle,XC1057929-Hsavii-SOUDA-04_20210619_051818_999.wav,7,spectograms/XC1057929-Hsavii-SOUDA-04_20210619_051818_999.png
Savi's Pipistrelle,XC1057928-Hsavii-SOUDA-04_20210619_051814_000.wav,7,spectograms/XC1057928-Hsavii-SOUDA-04_20210619_051814_000.png
Savi's Pipistrelle,XC1057927-Hsavii-SOUDA-04_20210619_051809_000.wav,7,spectograms/XC1057927-Hsavii-SOUDA-04_20210619_051809_000.png
Savi's Pipistrelle,XC1057926-Hsavii-SOUDA-04_20210619_051705_000.wav,7,spectograms/XC1057926-Hsavii-SOUDA-04_20210619_051705_000.png
Savi's Pipistrelle,XC1057925-Hsavii-SOUDA-04_20210619_051700_000.wav,7,spectograms/XC1057925-Hsavii-SOUDA-04_20210619_051700_000.png
Savi's Pipistrelle,XC1057924-Hsavii-SOUDA-04_20210619_051652_999.wav,7,spectograms/XC1057924-Hsavii-SOUDA-04_20210619_051652_999.png
Savi's Pipistrelle,XC1057923-Hsavii-SOUDA-04_20210619_051648_000.wav,7,spectograms/XC1057923-Hsavii-SOUDA-04_20210619_051648_000.png
Savi's Pipistrelle,XC1057922-Hsavii-SOUDA-04_20210619_051542_000.wav,7,spectograms/XC1057922-Hsavii-SOUDA-04_20210619_051542_000.png
Savi's Pipistrelle,XC1057921-Hsavii-SOUDA-04_20210618_051912_999.wav,7,spectograms/XC1057921-Hsavii-SOUDA-04_20210618_051912_999.png
Savi's Pipistrelle,XC1057920-Hsavii-SOUDA-04_20210618_051908_000.wav,7,spectograms/XC1057920-Hsavii-SOUDA-04_20210618_051908_000.png
Savi's Pipistrelle,XC1057919-Hsavii-SOUDA-04_20210618_051903_000.wav,7,spectograms/XC1057919-Hsavii-SOUDA-04_20210618_051903_000.png
Savi's Pipistrelle,XC1057918-Hsavii-SOUDA-04_20210618_051839_999.wav,7,spectograms/XC1057918-Hsavii-SOUDA-04_20210618_051839_999.png
Savi's Pipistrelle,XC1057917-Hsavii-SOUDA-04_20210618_051835_000.wav,7,spectograms/XC1057917-Hsavii-SOUDA-04_20210618_051835_000.png
Savi's Pipistrelle,XC1057916-Hsavii-SOUDA-04_20210618_051830_000.wav,7,spectograms/XC1057916-Hsavii-SOUDA-04_20210618_051830_000.png
Savi's Pipistrelle,XC1057915-Hsavii-SOUDA-04_20210617_053515_999.wav,7,spectograms/XC1057915-Hsavii-SOUDA-04_20210617_053515_999.png
Savi's Pipistrelle,XC1057914-Hsavii-SOUDA-04_20210617_053511_000.wav,7,spectograms/XC1057914-Hsavii-SOUDA-04_20210617_053511_000.png
Savi's Pipistrelle,XC1057913-Hsavii-SOUDA-04_20210617_053506_000.wav,7,spectograms/XC1057913-Hsavii-SOUDA-04_20210617_053506_000.png
Savi's Pipistrelle,XC1057912-Hsavii-SOUDA-04_20210617_053313_000.wav,7,spectograms/XC1057912-Hsavii-SOUDA-04_20210617_053313_000.png
Savi's Pipistrelle,XC1057911-Hsavii-SOUDA-04_20210617_022537_000.wav,7,spectograms/XC1057911-Hsavii-SOUDA-04_20210617_022537_000.png
Savi's Pipistrelle,XC1057909-Hsavii-SOUDA-04_20210617_015545_999.wav,7,spectograms/XC1057909-Hsavii-SOUDA-04_20210617_015545_999.png
Savi's Pipistrelle,XC1057908-Hsavii-SOUDA-04_20210617_015541_000.wav,7,spectograms/XC1057908-Hsavii-SOUDA-04_20210617_015541_000.png
Savi's Pipistrelle,XC1057907-Hsavii-SOUDA-04_20210617_015536_000.wav,7,spectograms/XC1057907-Hsavii-SOUDA-04_20210617_015536_000.png
Savi's Pipistrelle,XC1057906-Hsavii-SOUDA-04_20210617_015340_999.wav,7,spectograms/XC1057906-Hsavii-SOUDA-04_20210617_015340_999.png
Savi's Pipistrelle,XC1057905-Hsavii-SOUDA-04_20210617_015336_000.wav,7,spectograms/XC1057905-Hsavii-SOUDA-04_20210617_015336_000.png
Savi's Pipistrelle,XC1057904-Hsavii-SOUDA-04_20210617_015331_000.wav,7,spectograms/XC1057904-Hsavii-SOUDA-04_20210617_015331_000.png
Savi's Pipistrelle,XC1057903-Hsavii-SOUDA-04_20210616_232552_999.wav,7,spectograms/XC1057903-Hsavii-SOUDA-04_20210616_232552_999.png
Savi's Pipistrelle,XC1057902-Hsavii-SOUDA-04_20210615_053419_999.wav,7,spectograms/XC1057902-Hsavii-SOUDA-04_20210615_053419_999.png
Savi's Pipistrelle,XC1057901-Hsavii-SOUDA-04_20210615_053415_000.wav,7,spectograms/XC1057901-Hsavii-SOUDA-04_20210615_053415_000.png
Savi's Pipistrelle,XC1057900-Hsavii-SOUDA-04_20210615_053410_000.wav,7,spectograms/XC1057900-Hsavii-SOUDA-04_20210615_053410_000.png
Savi's Pipistrelle,XC1057899-Hsavii-SOUDA-04_20210613_230624_000.wav,7,spectograms/XC1057899-Hsavii-SOUDA-04_20210613_230624_000.png
Savi's Pipistrelle,XC1057898-Hsavii-SOUDA-04_20210613_224449_000.wav,7,spectograms/XC1057898-Hsavii-SOUDA-04_20210613_224449_000.png
Savi's Pipistrelle,XC1057897-Hsavii-SOUDA-04_20210612_051535_000.wav,7,spectograms/XC1057897-Hsavii-SOUDA-04_20210612_051535_000.png
Savi's Pipistrelle,XC1057896-Hsavii-SOUDA-04_20210612_051530_000.wav,7,spectograms/XC1057896-Hsavii-SOUDA-04_20210612_051530_000.png
Savi's Pipistrelle,XC1057895-Hsavii-SOUDA-04_20210612_051315_000.wav,7,spectograms/XC1057895-Hsavii-SOUDA-04_20210612_051315_000.png
Savi's Pipistrelle,XC1057894-Hsavii-SOUDA-04_20210612_051310_000.wav,7,spectograms/XC1057894-Hsavii-SOUDA-04_20210612_051310_000.png
Savi's Pipistrelle,XC1057893-Hsavii-SOUDA-04_20210611_054258_000.wav,7,spectograms/XC1057893-Hsavii-SOUDA-04_20210611_054258_000.png
Savi's Pipistrelle,XC1057892-Hsavii-SOUDA-04_20210611_054156_999.wav,7,spectograms/XC1057892-Hsavii-SOUDA-04_20210611_054156_999.png
Savi's Pipistrelle,XC1057891-Hsavii-SOUDA-04_20210611_053912_000.wav,7,spectograms/XC1057891-Hsavii-SOUDA-04_20210611_053912_000.png
Savi's Pipistrelle,XC1057890-Hsavii-SOUDA-04_20210611_053542_999.wav,7,spectograms/XC1057890-Hsavii-SOUDA-04_20210611_053542_999.png
Savi's Pipistrelle,XC1057889-Hsavii-SOUDA-04_20210611_053101_999.wav,7,spectograms/XC1057889-Hsavii-SOUDA-04_20210611_053101_999.png
Savi's Pipistrelle,XC1057888-Hsavii-SOUDA-04_20210611_052418_000.wav,7,spectograms/XC1057888-Hsavii-SOUDA-04_20210611_052418_000.png
Savi's Pipistrelle,XC1057887-Hsavii-SOUDA-04_20210611_051850_000.wav,7,spectograms/XC1057887-Hsavii-SOUDA-04_20210611_051850_000.png
Savi's Pipistrelle,XC1057886-Hsavii-SOUDA-04_20210611_051412_000.wav,7,spectograms/XC1057886-Hsavii-SOUDA-04_20210611_051412_000.png
Savi's Pipistrelle,XC1057885-Hsavii-SOUDA-04_20210611_051407_000.wav,7,spectograms/XC1057885-Hsavii-SOUDA-04_20210611_051407_000.png
Savi's Pipistrelle,XC1057884-Hsavii-SOUDA-04_20210611_045904_000.wav,7,spectograms/XC1057884-Hsavii-SOUDA-04_20210611_045904_000.png
Savi's Pipistrelle,XC1057883-Hsavii-SOUDA-04_20210611_045130_000.wav,7,spectograms/XC1057883-Hsavii-SOUDA-04_20210611_045130_000.png
Savi's Pipistrelle,XC1057882-Hsavii-SOUDA-04_20210611_044946_000.wav,7,spectograms/XC1057882-Hsavii-SOUDA-04_20210611_044946_000.png
Savi's Pipistrelle,XC1057881-Hsavii-SOUDA-04_20210610_052833_000.wav,7,spectograms/XC1057881-Hsavii-SOUDA-04_20210610_052833_000.png
Savi's Pipistrelle,XC1057880-Hsavii-SOUDA-04_20210610_052828_000.wav,7,spectograms/XC1057880-Hsavii-SOUDA-04_20210610_052828_000.png
Savi's Pipistrelle,XC1057879-Hsavii-SOUDA-04_20210610_052800_000.wav,7,spectograms/XC1057879-Hsavii-SOUDA-04_20210610_052800_000.png
Savi's Pipistrelle,XC1057878-Hsavii-SOUDA-04_20210609_233543_000.wav,7,spectograms/XC1057878-Hsavii-SOUDA-04_20210609_233543_000.png
Savi's Pipistrelle,XC1057877-Hsavii-SOUDA-04_20210609_052629_000.wav,7,spectograms/XC1057877-Hsavii-SOUDA-04_20210609_052629_000.png
Savi's Pipistrelle,XC1057876-Hsavii-SOUDA-04_20210609_052624_000.wav,7,spectograms/XC1057876-Hsavii-SOUDA-04_20210609_052624_000.png
Savi's Pipistrelle,XC1057875-Hsavii-SOUDA-04_20210609_052612_999.wav,7,spectograms/XC1057875-Hsavii-SOUDA-04_20210609_052612_999.png
Savi's Pipistrelle,XC1057874-Hsavii-SOUDA-04_20210609_052608_000.wav,7,spectograms/XC1057874-Hsavii-SOUDA-04_20210609_052608_000.png
Savi's Pipistrelle,XC1057873-Hsavii-SOUDA-04_20210609_052603_000.wav,7,spectograms/XC1057873-Hsavii-SOUDA-04_20210609_052603_000.png
Savi's Pipistrelle,XC1057872-Hsavii-SOUDA-04_20210609_052552_999.wav,7,spectograms/XC1057872-Hsavii-SOUDA-04_20210609_052552_999.png
Savi's Pipistrelle,XC1057871-Hsavii-SOUDA-04_20210609_052548_000.wav,7,spectograms/XC1057871-Hsavii-SOUDA-04_20210609_052548_000.png
Savi's Pipistrelle,XC1057870-Hsavii-SOUDA-04_20210609_052543_000.wav,7,spectograms/XC1057870-Hsavii-SOUDA-04_20210609_052543_000.png
Savi's Pipistrelle,XC1057869-Hsavii-SOUDA-04_20210609_052526_000.wav,7,spectograms/XC1057869-Hsavii-SOUDA-04_20210609_052526_000.png
Savi's Pipistrelle,XC1057868-Hsavii-SOUDA-04_20210609_052513_999.wav,7,spectograms/XC1057868-Hsavii-SOUDA-04_20210609_052513_999.png
Savi's Pipistrelle,XC1057867-Hsavii-SOUDA-04_20210609_052509_000.wav,7,spectograms/XC1057867-Hsavii-SOUDA-04_20210609_052509_000.png
Savi's Pipistrelle,XC1057866-Hsavii-SOUDA-04_20210609_052504_000.wav,7,spectograms/XC1057866-Hsavii-SOUDA-04_20210609_052504_000.png
Savi's Pipistrelle,XC1057865-Hsavii-SOUDA-04_20210609_052447_999.wav,7,spectograms/XC1057865-Hsavii-SOUDA-04_20210609_052447_999.png
Savi's Pipistrelle,XC1057864-Hsavii-SOUDA-04_20210609_052443_000.wav,7,spectograms/XC1057864-Hsavii-SOUDA-04_20210609_052443_000.png
Savi's Pipistrelle,XC1057863-Hsavii-SOUDA-04_20210609_052438_000.wav,7,spectograms/XC1057863-Hsavii-SOUDA-04_20210609_052438_000.png
Savi's Pipistrelle,XC1057862-Hsavii-SOUDA-04_20210609_051829_000.wav,7,spectograms/XC1057862-Hsavii-SOUDA-04_20210609_051829_000.png
Savi's Pipistrelle,XC1057861-Hsavii-SOUDA-04_20210609_051824_000.wav,7,spectograms/XC1057861-Hsavii-SOUDA-04_20210609_051824_000.png
Savi's Pipistrelle,XC1057860-Hsavii-SOUDA-04_20210609_051816_000.wav,7,spectograms/XC1057860-Hsavii-SOUDA-04_20210609_051816_000.png
Savi's Pipistrelle,XC1057859-Hsavii-SOUDA-04_20210609_051811_000.wav,7,spectograms/XC1057859-Hsavii-SOUDA-04_20210609_051811_000.png
Western Barbastelle,XC1062739-2024-08-28_232639.wav,10,spectograms/XC1062739-2024-08-28_232639.png
Western Barbastelle,XC1061427-Metsovo-2021-d500_2_3_4-M00636.wav,10,spectograms/XC1061427-Metsovo-2021-d500_2_3_4-M00636.png
Western Barbastelle,XC1061370-Metsovo-d240B_2_3-210902-210149_1_00000_000.wav,10,spectograms/XC1061370-Metsovo-d240B_2_3-210902-210149_1_00000_000.png
Western Barbastelle,XC1061369-Metsovo-d240B_2_3-210902-210143_1_00000_000.wav,10,spectograms/XC1061369-Metsovo-d240B_2_3-210902-210143_1_00000_000.png
Western Barbastelle,XC1060639-Barbar-Paparitsa-June2022--M01717.wav,10,spectograms/XC1060639-Barbar-Paparitsa-June2022--M01717.png
Western Barbastelle,XC1060575-Barbar-AgApostol_20250710_001930.wav,10,spectograms/XC1060575-Barbar-AgApostol_20250710_001930.png
Western Barbastelle,XC1060574-Barbar-AgApostol_20250709_234800.wav,10,spectograms/XC1060574-Barbar-AgApostol_20250709_234800.png
Western Barbastelle,XC1060573-Barbar-AgApostol_20250709_233935.wav,10,spectograms/XC1060573-Barbar-AgApostol_20250709_233935.png
Western Barbastelle,XC1060572-Barbar-AgApostol_20250709_231805.wav,10,spectograms/XC1060572-Barbar-AgApostol_20250709_231805.png
Western Barbastelle,XC1060571-Barbar-AgApostol_20250709_221510.wav,10,spectograms/XC1060571-Barbar-AgApostol_20250709_221510.png
Western Barbastelle,XC1060570-Barbar-AgApostol_20250709_221110.wav,10,spectograms/XC1060570-Barbar-AgApostol_20250709_221110.png
Western Barbastelle,XC1049572-20250908_201454.wav,10,spectograms/XC1049572-20250908_201454.png
Western Barbastelle,XC1048975-26420019_20251014201257.wav,10,spectograms/XC1048975-26420019_20251014201257.png
Western Barbastelle,XC1044451-M000071_Bbar_BoxP.wav,10,spectograms/XC1044451-M000071_Bbar_BoxP.png
Western Barbastelle,XC1044450-M004602_Bbar_BoxM.wav,10,spectograms/XC1044450-M004602_Bbar_BoxM.png
Western Barbastelle,XC1044445-M002064_Bbar_BoxV.wav,10,spectograms/XC1044445-M002064_Bbar_BoxV.png
Western Barbastelle,XC1044442-M000559_Bbar_BoxK.wav,10,spectograms/XC1044442-M000559_Bbar_BoxK.png
Western Barbastelle,XC1044436-M002030_Bbar_BoxR.wav,10,spectograms/XC1044436-M002030_Bbar_BoxR.png
Western Barbastelle,XC1044432-M000444_Bbar_BoxJ.wav,10,spectograms/XC1044432-M000444_Bbar_BoxJ.png
Western Barbastelle,XC1044429-M001377_Bbar_boxL.wav,10,spectograms/XC1044429-M001377_Bbar_boxL.png
Western Barbastelle,XC1037823-bct_bbats_30_barbastella_barbastellus_20240728_034800.wav,10,spectograms/XC1037823-bct_bbats_30_barbastella_barbastellus_20240728_034800.png
Western Barbastelle,XC1037822-bct_bbats_23_barbastella_barbastellus_20240718_221900.wav,10,spectograms/XC1037822-bct_bbats_23_barbastella_barbastellus_20240718_221900.png
Western Barbastelle,XC1037820-bct_bbats_17_barbastella_barbastellus_20240727_214100.wav,10,spectograms/XC1037820-bct_bbats_17_barbastella_barbastellus_20240727_214100.png
Western Barbastelle,XC1037819-bct_bbats_11_barbastella_barbastellus_20240730_023100.wav,10,spectograms/XC1037819-bct_bbats_11_barbastella_barbastellus_20240730_023100.png
Western Barbastelle,"XC1036409-20250901_205235-Barbastella-barbastella.-UK,-Cornwall,-Helston,-Caervallack.-Stephan-Risch.wav",10,"spectograms/XC1036409-20250901_205235-Barbastella-barbastella.-UK,-Cornwall,-Helston,-Caervallack.-Stephan-Risch.png"
Western Barbastelle,XC1034714-20250830_231200BarbastelleWutanschlucht.wav,10,spectograms/XC1034714-20250830_231200BarbastelleWutanschlucht.png
Western Barbastelle,XC1034099-26420062_20250829235819.wav,10,spectograms/XC1034099-26420062_20250829235819.png
Western Barbastelle,XC1034096-26420121_20250830002250.wav,10,spectograms/XC1034096-26420121_20250830002250.png
Western Barbastelle,XC1034092-41620042_20250829235235.wav,10,spectograms/XC1034092-41620042_20250829235235.png
Western Barbastelle,XC1034090-41620030_20250829234010.wav,10,spectograms/XC1034090-41620030_20250829234010.png
Western Barbastelle,XC1029401-BARBAR_20250319_200814.wav,10,spectograms/XC1029401-BARBAR_20250319_200814.png
Western Barbastelle,XC1025453-PIPNAT_20250724_234749.wav,10,spectograms/XC1025453-PIPNAT_20250724_234749.png
Western Barbastelle,XC1025207-41621007_20250727025826.wav,10,spectograms/XC1025207-41621007_20250727025826.png
Western Barbastelle,XC1025149-41621688_20250727050122.wav,10,spectograms/XC1025149-41621688_20250727050122.png
Western Barbastelle,XC1009743-26420526_20250627001103.wav,10,spectograms/XC1009743-26420526_20250627001103.png
Western Barbastelle,XC975703-S4U23018_20250223_202711.wav,10,spectograms/XC975703-S4U23018_20250223_202711.png
Western Barbastelle,XC975296-S4U23075_20250222_005232.wav,10,spectograms/XC975296-S4U23075_20250222_005232.png
Western Barbastelle,XC970949-S4U23018_20250128_184113.wav,10,spectograms/XC970949-S4U23018_20250128_184113.png
Western Barbastelle,XC1055977-Device000_20251017_193045.wav,10,spectograms/XC1055977-Device000_20251017_193045.png
Western Barbastelle,XC1037818-bct_bbats_0_barbastella_barbastellus_20240730_231500.wav,10,spectograms/XC1037818-bct_bbats_0_barbastella_barbastellus_20240730_231500.png
Western Barbastelle,XC1030129-BARBAR_20250422_205126.wav,10,spectograms/XC1030129-BARBAR_20250422_205126.png
Western Barbastelle,XC1029403-BARBAR_20240903_203347.wav,10,spectograms/XC1029403-BARBAR_20240903_203347.png
Western Barbastelle,XC1029057-BARBAR_20250814_210702.wav,10,spectograms/XC1029057-BARBAR_20250814_210702.png
Western Barbastelle,XC1025458-26420081_20250728230722.wav,10,spectograms/XC1025458-26420081_20250728230722.png
Western Barbastelle,XC979480-BARBAR_20240906_204145.wav,10,spectograms/XC979480-BARBAR_20240906_204145.png
Western Barbastelle,XC944837-M000647.wav,10,spectograms/XC944837-M000647.png
Western Barbastelle,XC943889-M000295.wav,10,spectograms/XC943889-M000295.png
Western Barbastelle,XC943888-M000294.wav,10,spectograms/XC943888-M000294.png
Western Barbastelle,XC833502-BARBAR_20230930_203638_edit.wav,10,spectograms/XC833502-BARBAR_20230930_203638_edit.png
Western Barbastelle,XC830022-BARBAR_20230915_212533_pp2.wav,10,spectograms/XC830022-BARBAR_20230915_212533_pp2.png
Western Barbastelle,XC824684-wurb_20230804T220942+0200_N57.78082E15.26061_FS256_32kHz-39dB.wav,10,spectograms/XC824684-wurb_20230804T220942+0200_N57.78082E15.26061_FS256_32kHz-39dB.png
Western Barbastelle,XC822586-BARBAR_20230811_222441.wav,10,spectograms/XC822586-BARBAR_20230811_222441.png
Western Barbastelle,XC822585-BARBAR_20230811_2235.wav,10,spectograms/XC822585-BARBAR_20230811_2235.png
Western Barbastelle,XC822583-BARBAR_20230811_2244.wav,10,spectograms/XC822583-BARBAR_20230811_2244.png
Western Barbastelle,XC822573-BARBAR_20230811_231843.wav,10,spectograms/XC822573-BARBAR_20230811_231843.png
Western Barbastelle,XC822043-mops2211wband.wav,10,spectograms/XC822043-mops2211wband.png
Western Barbastelle,XC881288-wurb_20230715T012109+0200_N58.934234E15.68426_FS384_33kHz-45dB.wav,10,spectograms/XC881288-wurb_20230715T012109+0200_N58.934234E15.68426_FS384_33kHz-45dB.png
Western Barbastelle,XC876456-wurb_20230829T031515+0200_N58.934234E15.68426_FS384_35kHz-46dB.wav,10,spectograms/XC876456-wurb_20230829T031515+0200_N58.934234E15.68426_FS384_35kHz-46dB.png
Western Barbastelle,XC844353-XC844353.wav,10,spectograms/XC844353-XC844353.png
Western Barbastelle,XC844351-XC844351.wav,10,spectograms/XC844351-XC844351.png
Western Barbastelle,XC836083-wurb_20230914T194836+0200_N58.934234E15.68426_FS384_32kHz-39dB.wav,10,spectograms/XC836083-wurb_20230914T194836+0200_N58.934234E15.68426_FS384_32kHz-39dB.png
Western Barbastelle,XC824980-GRABADORA4_20230816_052805.wav,10,spectograms/XC824980-GRABADORA4_20230816_052805.png
Western Barbastelle,XC823098-BARBAR_20230816_215741.wav,10,spectograms/XC823098-BARBAR_20230816_215741.png
Western Barbastelle,XC822132-mopsAudiom2223.wav,10,spectograms/XC822132-mopsAudiom2223.png
Western Barbastelle,XC822083-mops2256Bbuzz.wav,10,spectograms/XC822083-mops2256Bbuzz.png
Western Barbastelle,XC822055-mops2218bnormalpassB.wav,10,spectograms/XC822055-mops2218bnormalpassB.png
Western Barbastelle,XC822053-mops2218anormalpassB.wav,10,spectograms/XC822053-mops2218anormalpassB.png
Western Barbastelle,XC822052-mops2216normalpassB.wav,10,spectograms/XC822052-mops2216normalpassB.png
Western Barbastelle,XC822042-mops2212normal.wav,10,spectograms/XC822042-mops2212normal.png
Western Barbastelle,XC822041-mops2213coll.wav,10,spectograms/XC822041-mops2213coll.png
Western Barbastelle,XC805682-9_Car251310-2021-Pass1-C1-011693-SINIQ_20210611_224116_233_BARBAR_SUR.wav,10,spectograms/XC805682-9_Car251310-2021-Pass1-C1-011693-SINIQ_20210611_224116_233_BARBAR_SUR.png
Western Barbastelle,XC779613-wurb_20221027T183746+0200_N58.934234E15.68426_FS384_33kHz-36dB.wav,10,spectograms/XC779613-wurb_20221027T183746+0200_N58.934234E15.68426_FS384_33kHz-36dB.png
